is_number,title,domain,standard_type,source_authority,source_type,verification_status,status,embedding_text,source_document,source_url,reviewed_in,amendment_count,certification_status,supersedes,superseded_by,metadata_rule
IS 269:2015,Ordinary Portland cement - Specification,Civil Engineering / Cement,Product Specification,BIS,BIS compendium / BIS programme of work / BIS official capsule-course material,BIS-source identified; verify current Know Your Standard record before production,Active/Current candidate,IS 269:2015 | Ordinary Portland cement - Specification | Civil Engineering / Cement | Product Specification,BIS Compendium of Cement Standards / BIS Civil Engineering material,https://www.bis.gov.in/compendium-of-indian-standards/?lang=en,,,,,,Blank lifecycle/certification fields must be resolved from the current BIS Know Your Standard record before production recommendation.
IS 455:2015,Portland slag cement - Specification,Civil Engineering / Cement,Product Specification,BIS,BIS compendium / BIS programme of work / BIS official capsule-course material,BIS-source identified; verify current Know Your Standard record before production,Active/Current candidate,IS 455:2015 | Portland slag cement - Specification | Civil Engineering / Cement | Product Specification,BIS Compendium of Cement Standards / BIS Civil Engineering material,https://www.bis.gov.in/compendium-of-indian-standards/?lang=en,,,,,,Blank lifecycle/certification fields must be resolved from the current BIS Know Your Standard record before production recommendation.
IS 1489 (Part 1):2015,Portland Pozzolana cement - Specification: Part 1 Flyash based,Civil Engineering / Cement,Product Specification,BIS,BIS compendium / BIS programme of work / BIS official capsule-course material,BIS-source identified; verify current Know Your Standard record before production,Active/Current candidate,IS 1489 (Part 1):2015 | Portland Pozzolana cement - Specification: Part 1 Flyash based | Civil Engineering / Cement | Product Specification,BIS Compendium of Cement Standards / BIS Civil Engineering material,https://www.bis.gov.in/compendium-of-indian-standards/?lang=en,,,,,,Blank lifecycle/certification fields must be resolved from the current BIS Know Your Standard record before production recommendation.
IS 1489 (Part 2):2015,Portland Pozzolana cement - Specification: Part 2 Calcined clay based,Civil Engineering / Cement,Product Specification,BIS,BIS compendium / BIS programme of work / BIS official capsule-course material,BIS-source identified; verify current Know Your Standard record before production,Active/Current candidate,IS 1489 (Part 2):2015 | Portland Pozzolana cement - Specification: Part 2 Calcined clay based | Civil Engineering / Cement | Product Specification,BIS Compendium of Cement Standards / BIS Civil Engineering material,https://www.bis.gov.in/compendium-of-indian-standards/?lang=en,,,,,,Blank lifecycle/certification fields must be resolved from the current BIS Know Your Standard record before production recommendation.
IS 3466:1988,Specification for masonry cement,Civil Engineering / Cement,Product Specification,BIS,BIS compendium / BIS programme of work / BIS official capsule-course material,BIS-source identified; verify current Know Your Standard record before production,Active/Current candidate,IS 3466:1988 | Specification for masonry cement | Civil Engineering / Cement | Product Specification,BIS Compendium of Cement Standards / BIS Civil Engineering material,https://www.bis.gov.in/compendium-of-indian-standards/?lang=en,,,,,,Blank lifecycle/certification fields must be resolved from the current BIS Know Your Standard record before production recommendation.
IS 6452:1989,Specification for high alumina cement for structural use,Civil Engineering / Cement,Product Specification,BIS,BIS compendium / BIS programme of work / BIS official capsule-course material,BIS-source identified; verify current Know Your Standard record before production,Active/Current candidate,IS 6452:1989 | Specification for high alumina cement for structural use | Civil Engineering / Cement | Product Specification,BIS Compendium of Cement Standards / BIS Civil Engineering material,https://www.bis.gov.in/compendium-of-indian-standards/?lang=en,,,,,,Blank lifecycle/certification fields must be resolved from the current BIS Know Your Standard record before production recommendation.
IS 6909:1990,Specification for supersulphated cement,Civil Engineering / Cement,Product Specification,BIS,BIS compendium / BIS programme of work / BIS official capsule-course material,BIS-source identified; verify current Know Your Standard record before production,Active/Current candidate,IS 6909:1990 | Specification for supersulphated cement | Civil Engineering / Cement | Product Specification,BIS Compendium of Cement Standards / BIS Civil Engineering material,https://www.bis.gov.in/compendium-of-indian-standards/?lang=en,,,,,,Blank lifecycle/certification fields must be resolved from the current BIS Know Your Standard record before production recommendation.
IS 8041:1990,Specification for rapid hardening Portland cement,Civil Engineering / Cement,Product Specification,BIS,BIS compendium / BIS programme of work / BIS official capsule-course material,BIS-source identified; verify current Know Your Standard record before production,Active/Current candidate,IS 8041:1990 | Specification for rapid hardening Portland cement | Civil Engineering / Cement | Product Specification,BIS Compendium of Cement Standards / BIS Civil Engineering material,https://www.bis.gov.in/compendium-of-indian-standards/?lang=en,,,,,,Blank lifecycle/certification fields must be resolved from the current BIS Know Your Standard record before production recommendation.
IS 8042:2015,White Portland cement - Specification,Civil Engineering / Cement,Product Specification,BIS,BIS compendium / BIS programme of work / BIS official capsule-course material,BIS-source identified; verify current Know Your Standard record before production,Active/Current candidate,IS 8042:2015 | White Portland cement - Specification | Civil Engineering / Cement | Product Specification,BIS Compendium of Cement Standards / BIS Civil Engineering material,https://www.bis.gov.in/compendium-of-indian-standards/?lang=en,,,,,,Blank lifecycle/certification fields must be resolved from the current BIS Know Your Standard record before production recommendation.
IS 8043:1991,Specification for hydrophobic Portland cement,Civil Engineering / Cement,Product Specification,BIS,BIS compendium / BIS programme of work / BIS official capsule-course material,BIS-source identified; verify current Know Your Standard record before production,Active/Current candidate,IS 8043:1991 | Specification for hydrophobic Portland cement | Civil Engineering / Cement | Product Specification,BIS Compendium of Cement Standards / BIS Civil Engineering material,https://www.bis.gov.in/compendium-of-indian-standards/?lang=en,,,,,,Blank lifecycle/certification fields must be resolved from the current BIS Know Your Standard record before production recommendation.
IS 8229:1986,Specification for Oil-well Cement,Civil Engineering / Cement,Product Specification,BIS,BIS compendium / BIS programme of work / BIS official capsule-course material,BIS-source identified; verify current Know Your Standard record before production,Active/Current candidate,IS 8229:1986 | Specification for Oil-well Cement | Civil Engineering / Cement | Product Specification,BIS Compendium of Cement Standards / BIS Civil Engineering material,https://www.bis.gov.in/compendium-of-indian-standards/?lang=en,,,,,,Blank lifecycle/certification fields must be resolved from the current BIS Know Your Standard record before production recommendation.
IS 12330:1988,Specification for sulphate resisting Portland cement,Civil Engineering / Cement,Product Specification,BIS,BIS compendium / BIS programme of work / BIS official capsule-course material,BIS-source identified; verify current Know Your Standard record before production,Active/Current candidate,IS 12330:1988 | Specification for sulphate resisting Portland cement | Civil Engineering / Cement | Product Specification,BIS Compendium of Cement Standards / BIS Civil Engineering material,https://www.bis.gov.in/compendium-of-indian-standards/?lang=en,,,,,,Blank lifecycle/certification fields must be resolved from the current BIS Know Your Standard record before production recommendation.
IS 12600:1989,Specification for low heat Portland cement,Civil Engineering / Cement,Product Specification,BIS,BIS compendium / BIS programme of work / BIS official capsule-course material,BIS-source identified; verify current Know Your Standard record before production,Active/Current candidate,IS 12600:1989 | Specification for low heat Portland cement | Civil Engineering / Cement | Product Specification,BIS Compendium of Cement Standards / BIS Civil Engineering material,https://www.bis.gov.in/compendium-of-indian-standards/?lang=en,,,,,,Blank lifecycle/certification fields must be resolved from the current BIS Know Your Standard record before production recommendation.
IS 16415:2015,Composite cement - Specification,Civil Engineering / Cement,Product Specification,BIS,BIS compendium / BIS programme of work / BIS official capsule-course material,BIS-source identified; verify current Know Your Standard record before production,Active/Current candidate,IS 16415:2015 | Composite cement - Specification | Civil Engineering / Cement | Product Specification,BIS Compendium of Cement Standards / BIS Civil Engineering material,https://www.bis.gov.in/compendium-of-indian-standards/?lang=en,,,,,,Blank lifecycle/certification fields must be resolved from the current BIS Know Your Standard record before production recommendation.
IS 16993:2018,Microfine ordinary Portland cement - Specification,Civil Engineering / Cement,Product Specification,BIS,BIS compendium / BIS programme of work / BIS official capsule-course material,BIS-source identified; verify current Know Your Standard record before production,Active/Current candidate,IS 16993:2018 | Microfine ordinary Portland cement - Specification | Civil Engineering / Cement | Product Specification,BIS Compendium of Cement Standards / BIS Civil Engineering material,https://www.bis.gov.in/compendium-of-indian-standards/?lang=en,,,,,,Blank lifecycle/certification fields must be resolved from the current BIS Know Your Standard record before production recommendation.
IS 18189:2023,Portland calcined clay limestone cement - Specification,Civil Engineering / Cement,Product Specification,BIS,BIS compendium / BIS programme of work / BIS official capsule-course material,BIS-source identified; verify current Know Your Standard record before production,Active/Current candidate,IS 18189:2023 | Portland calcined clay limestone cement - Specification | Civil Engineering / Cement | Product Specification,BIS Compendium of Cement Standards / BIS Civil Engineering material,https://www.bis.gov.in/compendium-of-indian-standards/?lang=en,,,,,,Blank lifecycle/certification fields must be resolved from the current BIS Know Your Standard record before production recommendation.
IS 4031 (Part 1):1996,Methods of physical tests for hydraulic cement: Part 1 Determination of fineness by dry sieving,Civil Engineering / Cement,Test Method,BIS,BIS compendium / BIS programme of work / BIS official capsule-course material,BIS-source identified; verify current Know Your Standard record before production,Active/Current candidate,IS 4031 (Part 1):1996 | Methods of physical tests for hydraulic cement: Part 1 Determination of fineness by dry sieving | Civil Engineering / Cement | Test Method,BIS Compendium of Cement Standards / BIS Civil Engineering material,https://www.bis.gov.in/compendium-of-indian-standards/?lang=en,,,,,,Blank lifecycle/certification fields must be resolved from the current BIS Know Your Standard record before production recommendation.
IS 4031 (Part 2):1999,Methods of physical tests for hydraulic cement: Part 2 Determination of fineness by Blaine air permeability method,Civil Engineering / Cement,Test Method,BIS,BIS compendium / BIS programme of work / BIS official capsule-course material,BIS-source identified; verify current Know Your Standard record before production,Active/Current candidate,IS 4031 (Part 2):1999 | Methods of physical tests for hydraulic cement: Part 2 Determination of fineness by Blaine air permeability method | Civil Engineering / Cement | Test Method,BIS Compendium of Cement Standards / BIS Civil Engineering material,https://www.bis.gov.in/compendium-of-indian-standards/?lang=en,,,,,,Blank lifecycle/certification fields must be resolved from the current BIS Know Your Standard record before production recommendation.
IS 4031 (Part 3):1988,Methods of physical tests for hydraulic cement: Part 3 Determination of soundness,Civil Engineering / Cement,Test Method,BIS,BIS compendium / BIS programme of work / BIS official capsule-course material,BIS-source identified; verify current Know Your Standard record before production,Active/Current candidate,IS 4031 (Part 3):1988 | Methods of physical tests for hydraulic cement: Part 3 Determination of soundness | Civil Engineering / Cement | Test Method,BIS Compendium of Cement Standards / BIS Civil Engineering material,https://www.bis.gov.in/compendium-of-indian-standards/?lang=en,,,,,,Blank lifecycle/certification fields must be resolved from the current BIS Know Your Standard record before production recommendation.
IS 4031 (Part 4):1988,Methods of physical tests for hydraulic cement: Part 4 Determination of consistency of standard cement paste,Civil Engineering / Cement,Test Method,BIS,BIS compendium / BIS programme of work / BIS official capsule-course material,BIS-source identified; verify current Know Your Standard record before production,Active/Current candidate,IS 4031 (Part 4):1988 | Methods of physical tests for hydraulic cement: Part 4 Determination of consistency of standard cement paste | Civil Engineering / Cement | Test Method,BIS Compendium of Cement Standards / BIS Civil Engineering material,https://www.bis.gov.in/compendium-of-indian-standards/?lang=en,,,,,,Blank lifecycle/certification fields must be resolved from the current BIS Know Your Standard record before production recommendation.
IS 4031 (Part 5):1988,Methods of physical tests for hydraulic cement: Part 5 Determination of initial and final setting times,Civil Engineering / Cement,Test Method,BIS,BIS compendium / BIS programme of work / BIS official capsule-course material,BIS-source identified; verify current Know Your Standard record before production,Active/Current candidate,IS 4031 (Part 5):1988 | Methods of physical tests for hydraulic cement: Part 5 Determination of initial and final setting times | Civil Engineering / Cement | Test Method,BIS Compendium of Cement Standards / BIS Civil Engineering material,https://www.bis.gov.in/compendium-of-indian-standards/?lang=en,,,,,,Blank lifecycle/certification fields must be resolved from the current BIS Know Your Standard record before production recommendation.
IS 4031 (Part 6):1988,Methods of physical tests for hydraulic cement: Part 6 Determination of compressive strength of hydraulic cement other than masonry cement,Civil Engineering / Cement,Test Method,BIS,BIS compendium / BIS programme of work / BIS official capsule-course material,BIS-source identified; verify current Know Your Standard record before production,Active/Current candidate,IS 4031 (Part 6):1988 | Methods of physical tests for hydraulic cement: Part 6 Determination of compressive strength of hydraulic cement other than masonry cement | Civil Engineering / Cement | Test Method,BIS Compendium of Cement Standards / BIS Civil Engineering material,https://www.bis.gov.in/compendium-of-indian-standards/?lang=en,,,,,,Blank lifecycle/certification fields must be resolved from the current BIS Know Your Standard record before production recommendation.
IS 4031 (Part 7):1988,Methods of physical tests for hydraulic cement: Part 7 Determination of compressive strength of masonry cement,Civil Engineering / Cement,Test Method,BIS,BIS compendium / BIS programme of work / BIS official capsule-course material,BIS-source identified; verify current Know Your Standard record before production,Active/Current candidate,IS 4031 (Part 7):1988 | Methods of physical tests for hydraulic cement: Part 7 Determination of compressive strength of masonry cement | Civil Engineering / Cement | Test Method,BIS Compendium of Cement Standards / BIS Civil Engineering material,https://www.bis.gov.in/compendium-of-indian-standards/?lang=en,,,,,,Blank lifecycle/certification fields must be resolved from the current BIS Know Your Standard record before production recommendation.
IS 4031 (Part 8):1988,Methods of physical tests for hydraulic cement: Part 8 Determination of transverse and compressive strength of plastic mortar using prism,Civil Engineering / Cement,Test Method,BIS,BIS compendium / BIS programme of work / BIS official capsule-course material,BIS-source identified; verify current Know Your Standard record before production,Active/Current candidate,IS 4031 (Part 8):1988 | Methods of physical tests for hydraulic cement: Part 8 Determination of transverse and compressive strength of plastic mortar using prism | Civil Engineering / Cement | Test Method,BIS Compendium of Cement Standards / BIS Civil Engineering material,https://www.bis.gov.in/compendium-of-indian-standards/?lang=en,,,,,,Blank lifecycle/certification fields must be resolved from the current BIS Know Your Standard record before production recommendation.
IS 4031 (Part 9):1988,Methods of physical tests for hydraulic cement: Part 9 Determination of heat of hydration,Civil Engineering / Cement,Test Method,BIS,BIS compendium / BIS programme of work / BIS official capsule-course material,BIS-source identified; verify current Know Your Standard record before production,Active/Current candidate,IS 4031 (Part 9):1988 | Methods of physical tests for hydraulic cement: Part 9 Determination of heat of hydration | Civil Engineering / Cement | Test Method,BIS Compendium of Cement Standards / BIS Civil Engineering material,https://www.bis.gov.in/compendium-of-indian-standards/?lang=en,,,,,,Blank lifecycle/certification fields must be resolved from the current BIS Know Your Standard record before production recommendation.
IS 4031 (Part 10):1988,Methods of physical tests for hydraulic cement: Part 10 Determination of drying shrinkage,Civil Engineering / Cement,Test Method,BIS,BIS compendium / BIS programme of work / BIS official capsule-course material,BIS-source identified; verify current Know Your Standard record before production,Active/Current candidate,IS 4031 (Part 10):1988 | Methods of physical tests for hydraulic cement: Part 10 Determination of drying shrinkage | Civil Engineering / Cement | Test Method,BIS Compendium of Cement Standards / BIS Civil Engineering material,https://www.bis.gov.in/compendium-of-indian-standards/?lang=en,,,,,,Blank lifecycle/certification fields must be resolved from the current BIS Know Your Standard record before production recommendation.
IS 4031 (Part 11):1988,Methods of physical tests for hydraulic cement: Part 11 Determination of density,Civil Engineering / Cement,Test Method,BIS,BIS compendium / BIS programme of work / BIS official capsule-course material,BIS-source identified; verify current Know Your Standard record before production,Active/Current candidate,IS 4031 (Part 11):1988 | Methods of physical tests for hydraulic cement: Part 11 Determination of density | Civil Engineering / Cement | Test Method,BIS Compendium of Cement Standards / BIS Civil Engineering material,https://www.bis.gov.in/compendium-of-indian-standards/?lang=en,,,,,,Blank lifecycle/certification fields must be resolved from the current BIS Know Your Standard record before production recommendation.
IS 4031 (Part 12):1988,Methods of physical tests for hydraulic cement: Part 12 Determination of air content of hydraulic cement mortar,Civil Engineering / Cement,Test Method,BIS,BIS compendium / BIS programme of work / BIS official capsule-course material,BIS-source identified; verify current Know Your Standard record before production,Active/Current candidate,IS 4031 (Part 12):1988 | Methods of physical tests for hydraulic cement: Part 12 Determination of air content of hydraulic cement mortar | Civil Engineering / Cement | Test Method,BIS Compendium of Cement Standards / BIS Civil Engineering material,https://www.bis.gov.in/compendium-of-indian-standards/?lang=en,,,,,,Blank lifecycle/certification fields must be resolved from the current BIS Know Your Standard record before production recommendation.
IS 4031 (Part 13):1988,Methods of physical tests for hydraulic cement: Part 13 Measurement of water retentivity of masonry cement,Civil Engineering / Cement,Test Method,BIS,BIS compendium / BIS programme of work / BIS official capsule-course material,BIS-source identified; verify current Know Your Standard record before production,Active/Current candidate,IS 4031 (Part 13):1988 | Methods of physical tests for hydraulic cement: Part 13 Measurement of water retentivity of masonry cement | Civil Engineering / Cement | Test Method,BIS Compendium of Cement Standards / BIS Civil Engineering material,https://www.bis.gov.in/compendium-of-indian-standards/?lang=en,,,,,,Blank lifecycle/certification fields must be resolved from the current BIS Know Your Standard record before production recommendation.
IS 4031 (Part 14):1989,Hydraulic cement - Methods of physical tests: Part 14 Determination of false set,Civil Engineering / Cement,Test Method,BIS,BIS compendium / BIS programme of work / BIS official capsule-course material,BIS-source identified; verify current Know Your Standard record before production,Active/Current candidate,IS 4031 (Part 14):1989 | Hydraulic cement - Methods of physical tests: Part 14 Determination of false set | Civil Engineering / Cement | Test Method,BIS Compendium of Cement Standards / BIS Civil Engineering material,https://www.bis.gov.in/compendium-of-indian-standards/?lang=en,,,,,,Blank lifecycle/certification fields must be resolved from the current BIS Know Your Standard record before production recommendation.
IS 4031 (Part 15):1991,Methods of physical tests for hydraulic cement: Part 15 Determination of fineness by wet sieving,Civil Engineering / Cement,Test Method,BIS,BIS compendium / BIS programme of work / BIS official capsule-course material,BIS-source identified; verify current Know Your Standard record before production,Active/Current candidate,IS 4031 (Part 15):1991 | Methods of physical tests for hydraulic cement: Part 15 Determination of fineness by wet sieving | Civil Engineering / Cement | Test Method,BIS Compendium of Cement Standards / BIS Civil Engineering material,https://www.bis.gov.in/compendium-of-indian-standards/?lang=en,,,,,,Blank lifecycle/certification fields must be resolved from the current BIS Know Your Standard record before production recommendation.
IS 4032:1985,Method of chemical analysis of hydraulic cement,Civil Engineering / Cement,Test Method,BIS,BIS compendium / BIS programme of work / BIS official capsule-course material,BIS-source identified; verify current Know Your Standard record before production,Active/Current candidate,IS 4032:1985 | Method of chemical analysis of hydraulic cement | Civil Engineering / Cement | Test Method,BIS Compendium of Cement Standards / BIS Civil Engineering material,https://www.bis.gov.in/compendium-of-indian-standards/?lang=en,,,,,,Blank lifecycle/certification fields must be resolved from the current BIS Know Your Standard record before production recommendation.
IS 12423:1988,Method for colorimetric analysis of hydraulic cement,Civil Engineering / Cement,Test Method,BIS,BIS compendium / BIS programme of work / BIS official capsule-course material,BIS-source identified; verify current Know Your Standard record before production,Active/Current candidate,IS 12423:1988 | Method for colorimetric analysis of hydraulic cement | Civil Engineering / Cement | Test Method,BIS Compendium of Cement Standards / BIS Civil Engineering material,https://www.bis.gov.in/compendium-of-indian-standards/?lang=en,,,,,,Blank lifecycle/certification fields must be resolved from the current BIS Know Your Standard record before production recommendation.
IS 12803:1989,Methods of analysis of hydraulic cement by X-ray fluorescence spectrometer,Civil Engineering / Cement,Test Method,BIS,BIS compendium / BIS programme of work / BIS official capsule-course material,BIS-source identified; verify current Know Your Standard record before production,Active/Current candidate,IS 12803:1989 | Methods of analysis of hydraulic cement by X-ray fluorescence spectrometer | Civil Engineering / Cement | Test Method,BIS Compendium of Cement Standards / BIS Civil Engineering material,https://www.bis.gov.in/compendium-of-indian-standards/?lang=en,,,,,,Blank lifecycle/certification fields must be resolved from the current BIS Know Your Standard record before production recommendation.
IS 12813:1989,Method of analysis of hydraulic cement by atomic absorption spectrophotometer,Civil Engineering / Cement,Test Method,BIS,BIS compendium / BIS programme of work / BIS official capsule-course material,BIS-source identified; verify current Know Your Standard record before production,Active/Current candidate,IS 12813:1989 | Method of analysis of hydraulic cement by atomic absorption spectrophotometer | Civil Engineering / Cement | Test Method,BIS Compendium of Cement Standards / BIS Civil Engineering material,https://www.bis.gov.in/compendium-of-indian-standards/?lang=en,,,,,,Blank lifecycle/certification fields must be resolved from the current BIS Know Your Standard record before production recommendation.
IS 456:2000,Plain and reinforced concrete - Code of practice,Civil Engineering / Concrete,Code of Practice,BIS,BIS compendium / BIS programme of work / BIS official capsule-course material,BIS-source identified; verify current Know Your Standard record before production,Active/Current candidate,IS 456:2000 | Plain and reinforced concrete - Code of practice | Civil Engineering / Concrete | Code of Practice,BIS Compendium of Cement Standards / BIS Civil Engineering material,https://www.bis.gov.in/compendium-of-indian-standards/?lang=en,,,,,,Blank lifecycle/certification fields must be resolved from the current BIS Know Your Standard record before production recommendation.
IS 383:2016,Coarse and Fine Aggregate for Concrete - Specification,Civil Engineering / Concrete,Product Specification,BIS,BIS compendium / BIS programme of work / BIS official capsule-course material,BIS-source identified; verify current Know Your Standard record before production,Active/Current candidate,IS 383:2016 | Coarse and Fine Aggregate for Concrete - Specification | Civil Engineering / Concrete | Product Specification,BIS Compendium of Cement Standards / BIS Civil Engineering material,https://www.bis.gov.in/compendium-of-indian-standards/?lang=en,,,,,,Blank lifecycle/certification fields must be resolved from the current BIS Know Your Standard record before production recommendation.
IS 10262:2019,Concrete Mix Proportioning - Guidelines,Civil Engineering / Concrete,Guidelines,BIS,BIS compendium / BIS programme of work / BIS official capsule-course material,BIS-source identified; verify current Know Your Standard record before production,Active/Current candidate,IS 10262:2019 | Concrete Mix Proportioning - Guidelines | Civil Engineering / Concrete | Guidelines,BIS Compendium of Cement Standards / BIS Civil Engineering material,https://www.bis.gov.in/compendium-of-indian-standards/?lang=en,,,,,,Blank lifecycle/certification fields must be resolved from the current BIS Know Your Standard record before production recommendation.
IS 1786:2008,High Strength Deformed Steel Bars and Wires for Concrete Reinforcement - Specification,Civil Engineering / Reinforcement,Product Specification,BIS,BIS compendium / BIS programme of work / BIS official capsule-course material,BIS-source identified; verify current Know Your Standard record before production,Active/Current candidate,IS 1786:2008 | High Strength Deformed Steel Bars and Wires for Concrete Reinforcement - Specification | Civil Engineering / Reinforcement | Product Specification,BIS Compendium of Cement Standards / BIS Civil Engineering material,https://www.bis.gov.in/compendium-of-indian-standards/?lang=en,,,,,,Blank lifecycle/certification fields must be resolved from the current BIS Know Your Standard record before production recommendation.
IS 2062:2011,Hot rolled medium and high tensile structural steel - Specification,Metallurgy / Structural Steel,Product Specification,BIS,BIS compendium / BIS programme of work / BIS official capsule-course material,BIS-source identified; verify current Know Your Standard record before production,Active/Current candidate,IS 2062:2011 | Hot rolled medium and high tensile structural steel - Specification | Metallurgy / Structural Steel | Product Specification,BIS Metallography / Metallurgical Engineering standards material,https://www.services.bis.gov.in/tmp/compendium_2025-06-05-11-59-24.pdf,,,,,,Blank lifecycle/certification fields must be resolved from the current BIS Know Your Standard record before production recommendation.
IS 2185 (Part 3),Concrete masonry units - Part 3 Autoclaved cellular aerated concrete blocks,Civil Engineering / Masonry,Product Specification,BIS,BIS compendium / BIS programme of work / BIS official capsule-course material,BIS-source identified; verify current Know Your Standard record before production,Active/Current candidate,IS 2185 (Part 3) | Concrete masonry units - Part 3 Autoclaved cellular aerated concrete blocks | Civil Engineering / Masonry | Product Specification,BIS Compendium of Cement Standards / BIS Civil Engineering material,https://www.bis.gov.in/compendium-of-indian-standards/?lang=en,,,,,,Blank lifecycle/certification fields must be resolved from the current BIS Know Your Standard record before production recommendation.
IS 15658:2021,Concrete Paving Blocks - Specification,Civil Engineering / Pavements,Product Specification,BIS,BIS compendium / BIS programme of work / BIS official capsule-course material,BIS-source identified; verify current Know Your Standard record before production,Active/Current candidate,IS 15658:2021 | Concrete Paving Blocks - Specification | Civil Engineering / Pavements | Product Specification,BIS Compendium of Cement Standards / BIS Civil Engineering material,https://www.bis.gov.in/compendium-of-indian-standards/?lang=en,,,,,,Blank lifecycle/certification fields must be resolved from the current BIS Know Your Standard record before production recommendation.
IS 16777:2019,Code of practice for laying interlocking concrete paving blocks,Civil Engineering / Pavements,Code of Practice,BIS,BIS compendium / BIS programme of work / BIS official capsule-course material,BIS-source identified; verify current Know Your Standard record before production,Active/Current candidate,IS 16777:2019 | Code of practice for laying interlocking concrete paving blocks | Civil Engineering / Pavements | Code of Practice,BIS Compendium of Cement Standards / BIS Civil Engineering material,https://www.bis.gov.in/compendium-of-indian-standards/?lang=en,,,,,,Blank lifecycle/certification fields must be resolved from the current BIS Know Your Standard record before production recommendation.
IS 18889:2024,Precast concrete paving flags - Specification,Civil Engineering / Pavements,Product Specification,BIS,BIS compendium / BIS programme of work / BIS official capsule-course material,BIS-source identified; verify current Know Your Standard record before production,Active/Current candidate,IS 18889:2024 | Precast concrete paving flags - Specification | Civil Engineering / Pavements | Product Specification,BIS Compendium of Cement Standards / BIS Civil Engineering material,https://www.bis.gov.in/compendium-of-indian-standards/?lang=en,,,,,,Blank lifecycle/certification fields must be resolved from the current BIS Know Your Standard record before production recommendation.
IS 18894:2024,Precast concrete paving grids and grass pavers,Civil Engineering / Pavements,Product Specification,BIS,BIS compendium / BIS programme of work / BIS official capsule-course material,BIS-source identified; verify current Know Your Standard record before production,Active/Current candidate,IS 18894:2024 | Precast concrete paving grids and grass pavers | Civil Engineering / Pavements | Product Specification,BIS Compendium of Cement Standards / BIS Civil Engineering material,https://www.bis.gov.in/compendium-of-indian-standards/?lang=en,,,,,,Blank lifecycle/certification fields must be resolved from the current BIS Know Your Standard record before production recommendation.
IS 800:2007,General construction in steel - Code of practice,Civil Engineering / Structural Steel,Code of Practice,BIS,BIS compendium / BIS programme of work / BIS official capsule-course material,BIS-source identified; verify current Know Your Standard record before production,Active/Current candidate,IS 800:2007 | General construction in steel - Code of practice | Civil Engineering / Structural Steel | Code of Practice,BIS Compendium of Cement Standards / BIS Civil Engineering material,https://www.bis.gov.in/compendium-of-indian-standards/?lang=en,,,,,,Blank lifecycle/certification fields must be resolved from the current BIS Know Your Standard record before production recommendation.
IS 875 (Part 1):1987,Code of practice for design loads - Part 1 dead loads,Civil Engineering / Structural Design,Code of Practice,BIS,BIS compendium / BIS programme of work / BIS official capsule-course material,BIS-source identified; verify current Know Your Standard record before production,Active/Current candidate,IS 875 (Part 1):1987 | Code of practice for design loads - Part 1 dead loads | Civil Engineering / Structural Design | Code of Practice,BIS Compendium of Cement Standards / BIS Civil Engineering material,https://www.bis.gov.in/compendium-of-indian-standards/?lang=en,,,,,,Blank lifecycle/certification fields must be resolved from the current BIS Know Your Standard record before production recommendation.
IS 875 (Part 2):1987,Code of practice for design loads - Part 2 imposed loads,Civil Engineering / Structural Design,Code of Practice,BIS,BIS compendium / BIS programme of work / BIS official capsule-course material,BIS-source identified; verify current Know Your Standard record before production,Active/Current candidate,IS 875 (Part 2):1987 | Code of practice for design loads - Part 2 imposed loads | Civil Engineering / Structural Design | Code of Practice,BIS Compendium of Cement Standards / BIS Civil Engineering material,https://www.bis.gov.in/compendium-of-indian-standards/?lang=en,,,,,,Blank lifecycle/certification fields must be resolved from the current BIS Know Your Standard record before production recommendation.
IS 875 (Part 3):2015,Design Loads other than Earthquake - Part 3 Wind Loads,Civil Engineering / Structural Design,Code of Practice,BIS,BIS compendium / BIS programme of work / BIS official capsule-course material,BIS-source identified; verify current Know Your Standard record before production,Active/Current candidate,IS 875 (Part 3):2015 | Design Loads other than Earthquake - Part 3 Wind Loads | Civil Engineering / Structural Design | Code of Practice,BIS Compendium of Cement Standards / BIS Civil Engineering material,https://www.bis.gov.in/compendium-of-indian-standards/?lang=en,,,,,,Blank lifecycle/certification fields must be resolved from the current BIS Know Your Standard record before production recommendation.
IS 1893 (Part 1):2016,Criteria for earthquake resistant design of structures - Part 1 General provisions,Civil Engineering / Earthquake Engineering,Code of Practice,BIS,BIS compendium / BIS programme of work / BIS official capsule-course material,BIS-source identified; verify current Know Your Standard record before production,Active/Current candidate,IS 1893 (Part 1):2016 | Criteria for earthquake resistant design of structures - Part 1 General provisions | Civil Engineering / Earthquake Engineering | Code of Practice,BIS Compendium of Cement Standards / BIS Civil Engineering material,https://www.bis.gov.in/compendium-of-indian-standards/?lang=en,,,,,,Blank lifecycle/certification fields must be resolved from the current BIS Know Your Standard record before production recommendation.
IS 13920:2016,Ductile design and detailing of reinforced concrete structures subjected to seismic forces - Code of practice,Civil Engineering / Earthquake Engineering,Code of Practice,BIS,BIS compendium / BIS programme of work / BIS official capsule-course material,BIS-source identified; verify current Know Your Standard record before production,Active/Current candidate,IS 13920:2016 | Ductile design and detailing of reinforced concrete structures subjected to seismic forces - Code of practice | Civil Engineering / Earthquake Engineering | Code of Practice,BIS Compendium of Cement Standards / BIS Civil Engineering material,https://www.bis.gov.in/compendium-of-indian-standards/?lang=en,,,,,,Blank lifecycle/certification fields must be resolved from the current BIS Know Your Standard record before production recommendation.
IS 1892:2021,Subsurface investigation for foundations - Code of practice,Civil Engineering / Geotechnical,Code of Practice,BIS,BIS compendium / BIS programme of work / BIS official capsule-course material,BIS-source identified; verify current Know Your Standard record before production,Active/Current candidate,IS 1892:2021 | Subsurface investigation for foundations - Code of practice | Civil Engineering / Geotechnical | Code of Practice,BIS Compendium of Cement Standards / BIS Civil Engineering material,https://www.bis.gov.in/compendium-of-indian-standards/?lang=en,,,,,,Blank lifecycle/certification fields must be resolved from the current BIS Know Your Standard record before production recommendation.
IS 2720 (Part 13):1986,Methods of test for soils: Part 13 Direct shear test,Civil Engineering / Soil Testing,Test Method,BIS,BIS compendium / BIS programme of work / BIS official capsule-course material,BIS-source identified; verify current Know Your Standard record before production,Active/Current candidate,IS 2720 (Part 13):1986 | Methods of test for soils: Part 13 Direct shear test | Civil Engineering / Soil Testing | Test Method,BIS Compendium of Cement Standards / BIS Civil Engineering material,https://www.bis.gov.in/compendium-of-indian-standards/?lang=en,,,,,,Blank lifecycle/certification fields must be resolved from the current BIS Know Your Standard record before production recommendation.
IS 4991:1968,Criteria for blast resistant design of structures for explosions above ground,Civil Engineering / Structural Safety,Code of Practice,BIS,BIS compendium / BIS programme of work / BIS official capsule-course material,BIS-source identified; verify current Know Your Standard record before production,Active/Current candidate,IS 4991:1968 | Criteria for blast resistant design of structures for explosions above ground | Civil Engineering / Structural Safety | Code of Practice,BIS Compendium of Cement Standards / BIS Civil Engineering material,https://www.bis.gov.in/compendium-of-indian-standards/?lang=en,,,,,,Blank lifecycle/certification fields must be resolved from the current BIS Know Your Standard record before production recommendation.
IS 11592:2000,Selection and design of belt conveyors - Code of practice,Mechanical / Material Handling,Code of Practice,BIS,BIS compendium / BIS programme of work / BIS official capsule-course material,BIS-source identified; verify current Know Your Standard record before production,Active/Current candidate,IS 11592:2000 | Selection and design of belt conveyors - Code of practice | Mechanical / Material Handling | Code of Practice,BIS official standards catalogue / programme of work / capsule-course material,https://standards.bis.gov.in/,,,,,,Blank lifecycle/certification fields must be resolved from the current BIS Know Your Standard record before production recommendation.
IS 2026 (Part 1):2011,Power Transformers: Part 1 General,Electrical / Transformers,Product Standard,BIS,BIS compendium / BIS programme of work / BIS official capsule-course material,BIS-source identified; verify current Know Your Standard record before production,Active/Current candidate,IS 2026 (Part 1):2011 | Power Transformers: Part 1 General | Electrical / Transformers | Product Standard,BIS Compendium of Indian Standards on Electrical Transformers,https://www.services.bis.gov.in/tmp/compendium_2025-06-02-05-15-17.pdf,,,,,,Blank lifecycle/certification fields must be resolved from the current BIS Know Your Standard record before production recommendation.
IS 2026 (Part 2):2010,Power transformers: Part 2 Temperature rise,Electrical / Transformers,Test/Technical Standard,BIS,BIS compendium / BIS programme of work / BIS official capsule-course material,BIS-source identified; verify current Know Your Standard record before production,Active/Current candidate,IS 2026 (Part 2):2010 | Power transformers: Part 2 Temperature rise | Electrical / Transformers | Test/Technical Standard,BIS Compendium of Indian Standards on Electrical Transformers,https://www.services.bis.gov.in/tmp/compendium_2025-06-02-05-15-17.pdf,,,,,,Blank lifecycle/certification fields must be resolved from the current BIS Know Your Standard record before production recommendation.
IS 2026 (Part 3):2018,"Power transformers: Part 3 Insulation levels, dielectric tests and external clearances in air",Electrical / Transformers,Test/Technical Standard,BIS,BIS compendium / BIS programme of work / BIS official capsule-course material,BIS-source identified; verify current Know Your Standard record before production,Active/Current candidate,"IS 2026 (Part 3):2018 | Power transformers: Part 3 Insulation levels, dielectric tests and external clearances in air | Electrical / Transformers | Test/Technical Standard",BIS Compendium of Indian Standards on Electrical Transformers,https://www.services.bis.gov.in/tmp/compendium_2025-06-02-05-15-17.pdf,,,,,,Blank lifecycle/certification fields must be resolved from the current BIS Know Your Standard record before production recommendation.
IS 2026 (Part 5):2011,Power Transformers Part 5 Ability to Withstand Short Circuit,Electrical / Transformers,Technical Standard,BIS,BIS compendium / BIS programme of work / BIS official capsule-course material,BIS-source identified; verify current Know Your Standard record before production,Active/Current candidate,IS 2026 (Part 5):2011 | Power Transformers Part 5 Ability to Withstand Short Circuit | Electrical / Transformers | Technical Standard,BIS Compendium of Indian Standards on Electrical Transformers,https://www.services.bis.gov.in/tmp/compendium_2025-06-02-05-15-17.pdf,,,,,,Blank lifecycle/certification fields must be resolved from the current BIS Know Your Standard record before production recommendation.
IS 2026 (Part 6):2017,Power Transformers Part 6 Reactors,Electrical / Transformers,Technical Standard,BIS,BIS compendium / BIS programme of work / BIS official capsule-course material,BIS-source identified; verify current Know Your Standard record before production,Active/Current candidate,IS 2026 (Part 6):2017 | Power Transformers Part 6 Reactors | Electrical / Transformers | Technical Standard,BIS Compendium of Indian Standards on Electrical Transformers,https://www.services.bis.gov.in/tmp/compendium_2025-06-02-05-15-17.pdf,,,,,,Blank lifecycle/certification fields must be resolved from the current BIS Know Your Standard record before production recommendation.
IS 2026 (Part 7):2009,Power transformers: Part 7 Loading guide for oil-immersed power transformers,Electrical / Transformers,Application Guide,BIS,BIS compendium / BIS programme of work / BIS official capsule-course material,BIS-source identified; verify current Know Your Standard record before production,Active/Current candidate,IS 2026 (Part 7):2009 | Power transformers: Part 7 Loading guide for oil-immersed power transformers | Electrical / Transformers | Application Guide,BIS Compendium of Indian Standards on Electrical Transformers,https://www.services.bis.gov.in/tmp/compendium_2025-06-02-05-15-17.pdf,,,,,,Blank lifecycle/certification fields must be resolved from the current BIS Know Your Standard record before production recommendation.
IS 2026 (Part 8):2009,Power transformers: Part 8 Application guide,Electrical / Transformers,Application Guide,BIS,BIS compendium / BIS programme of work / BIS official capsule-course material,BIS-source identified; verify current Know Your Standard record before production,Active/Current candidate,IS 2026 (Part 8):2009 | Power transformers: Part 8 Application guide | Electrical / Transformers | Application Guide,BIS Compendium of Indian Standards on Electrical Transformers,https://www.services.bis.gov.in/tmp/compendium_2025-06-02-05-15-17.pdf,,,,,,Blank lifecycle/certification fields must be resolved from the current BIS Know Your Standard record before production recommendation.
IS 2026 (Part 10):2025,Power transformers: Part 10 Determination of sound levels,Electrical / Transformers,Test Method,BIS,BIS compendium / BIS programme of work / BIS official capsule-course material,BIS-source identified; verify current Know Your Standard record before production,Active/Current candidate,IS 2026 (Part 10):2025 | Power transformers: Part 10 Determination of sound levels | Electrical / Transformers | Test Method,BIS Compendium of Indian Standards on Electrical Transformers,https://www.services.bis.gov.in/tmp/compendium_2025-06-02-05-15-17.pdf,,,,,,Blank lifecycle/certification fields must be resolved from the current BIS Know Your Standard record before production recommendation.
IS 2026 (Part 11):2021,Power Transformers: Part 11 Dry-Type Power Transformers,Electrical / Transformers,Product Standard,BIS,BIS compendium / BIS programme of work / BIS official capsule-course material,BIS-source identified; verify current Know Your Standard record before production,Active/Current candidate,IS 2026 (Part 11):2021 | Power Transformers: Part 11 Dry-Type Power Transformers | Electrical / Transformers | Product Standard,BIS Compendium of Indian Standards on Electrical Transformers,https://www.services.bis.gov.in/tmp/compendium_2025-06-02-05-15-17.pdf,,,,,,Blank lifecycle/certification fields must be resolved from the current BIS Know Your Standard record before production recommendation.
IS 2026 (Part 14):2018,Power Transformers: Part 14 Liquid Immersed Power Transformers using high-temperature insulation materials,Electrical / Transformers,Product Standard,BIS,BIS compendium / BIS programme of work / BIS official capsule-course material,BIS-source identified; verify current Know Your Standard record before production,Active/Current candidate,IS 2026 (Part 14):2018 | Power Transformers: Part 14 Liquid Immersed Power Transformers using high-temperature insulation materials | Electrical / Transformers | Product Standard,BIS Compendium of Indian Standards on Electrical Transformers,https://www.services.bis.gov.in/tmp/compendium_2025-06-02-05-15-17.pdf,,,,,,Blank lifecycle/certification fields must be resolved from the current BIS Know Your Standard record before production recommendation.
IS 2026 (Part 15):2018,Power Transformers: Part 15 Gas Filled Power Transformers,Electrical / Transformers,Product Standard,BIS,BIS compendium / BIS programme of work / BIS official capsule-course material,BIS-source identified; verify current Know Your Standard record before production,Active/Current candidate,IS 2026 (Part 15):2018 | Power Transformers: Part 15 Gas Filled Power Transformers | Electrical / Transformers | Product Standard,BIS Compendium of Indian Standards on Electrical Transformers,https://www.services.bis.gov.in/tmp/compendium_2025-06-02-05-15-17.pdf,,,,,,Blank lifecycle/certification fields must be resolved from the current BIS Know Your Standard record before production recommendation.
IS 2026 (Part 16):2023,Power Transformers: Part 16 Transformers for wind turbine applications,Electrical / Transformers,Product Standard,BIS,BIS compendium / BIS programme of work / BIS official capsule-course material,BIS-source identified; verify current Know Your Standard record before production,Active/Current candidate,IS 2026 (Part 16):2023 | Power Transformers: Part 16 Transformers for wind turbine applications | Electrical / Transformers | Product Standard,BIS Compendium of Indian Standards on Electrical Transformers,https://www.services.bis.gov.in/tmp/compendium_2025-06-02-05-15-17.pdf,,,,,,Blank lifecycle/certification fields must be resolved from the current BIS Know Your Standard record before production recommendation.
IS 2026 (Part 18):2018,Power Transformers Part 18 Measurement of Frequency Response,Electrical / Transformers,Test Method,BIS,BIS compendium / BIS programme of work / BIS official capsule-course material,BIS-source identified; verify current Know Your Standard record before production,Active/Current candidate,IS 2026 (Part 18):2018 | Power Transformers Part 18 Measurement of Frequency Response | Electrical / Transformers | Test Method,BIS Compendium of Indian Standards on Electrical Transformers,https://www.services.bis.gov.in/tmp/compendium_2025-06-02-05-15-17.pdf,,,,,,Blank lifecycle/certification fields must be resolved from the current BIS Know Your Standard record before production recommendation.
IS 2026 (Part 19):2018,Power Transformers Part 19 Rules for the Determination of Uncertainties in the Measurement of the Losses,Electrical / Transformers,Test Method,BIS,BIS compendium / BIS programme of work / BIS official capsule-course material,BIS-source identified; verify current Know Your Standard record before production,Active/Current candidate,IS 2026 (Part 19):2018 | Power Transformers Part 19 Rules for the Determination of Uncertainties in the Measurement of the Losses | Electrical / Transformers | Test Method,BIS Compendium of Indian Standards on Electrical Transformers,https://www.services.bis.gov.in/tmp/compendium_2025-06-02-05-15-17.pdf,,,,,,Blank lifecycle/certification fields must be resolved from the current BIS Know Your Standard record before production recommendation.
IS 1180 (Part 1):2014,"Outdoor/Indoor Type Oil Immersed Distribution Transformers up to 2500 kVA, 33 kV - Part 1 Mineral Oil Immersed",Electrical / Transformers,Product Specification,BIS,BIS compendium / BIS programme of work / BIS official capsule-course material,BIS-source identified; verify current Know Your Standard record before production,Active/Current candidate,"IS 1180 (Part 1):2014 | Outdoor/Indoor Type Oil Immersed Distribution Transformers up to 2500 kVA, 33 kV - Part 1 Mineral Oil Immersed | Electrical / Transformers | Product Specification",BIS Compendium of Indian Standards on Electrical Transformers,https://www.services.bis.gov.in/tmp/compendium_2025-06-02-05-15-17.pdf,,,,,,Blank lifecycle/certification fields must be resolved from the current BIS Know Your Standard record before production recommendation.
IS 1180 (Part 3):2021,Outdoor/Indoor Type Liquid Immersed Distribution Transformers - Part 3 Natural/Synthetic Organic Ester Liquid Immersed,Electrical / Transformers,Product Specification,BIS,BIS compendium / BIS programme of work / BIS official capsule-course material,BIS-source identified; verify current Know Your Standard record before production,Active/Current candidate,IS 1180 (Part 3):2021 | Outdoor/Indoor Type Liquid Immersed Distribution Transformers - Part 3 Natural/Synthetic Organic Ester Liquid Immersed | Electrical / Transformers | Product Specification,BIS Compendium of Indian Standards on Electrical Transformers,https://www.services.bis.gov.in/tmp/compendium_2025-06-02-05-15-17.pdf,,,,,,Blank lifecycle/certification fields must be resolved from the current BIS Know Your Standard record before production recommendation.
IS 10028 (Part 1):1985,"Code of practice for selection, installation and maintenance of transformers: Part 1 Selection",Electrical / Transformers,Code of Practice,BIS,BIS compendium / BIS programme of work / BIS official capsule-course material,BIS-source identified; verify current Know Your Standard record before production,Active/Current candidate,"IS 10028 (Part 1):1985 | Code of practice for selection, installation and maintenance of transformers: Part 1 Selection | Electrical / Transformers | Code of Practice",BIS Compendium of Indian Standards on Electrical Transformers,https://www.services.bis.gov.in/tmp/compendium_2025-06-02-05-15-17.pdf,,,,,,Blank lifecycle/certification fields must be resolved from the current BIS Know Your Standard record before production recommendation.
IS 10028 (Part 2):1981,"Code of practice for selection, installation and maintenance of transformers: Part 2 Installation",Electrical / Transformers,Code of Practice,BIS,BIS compendium / BIS programme of work / BIS official capsule-course material,BIS-source identified; verify current Know Your Standard record before production,Active/Current candidate,"IS 10028 (Part 2):1981 | Code of practice for selection, installation and maintenance of transformers: Part 2 Installation | Electrical / Transformers | Code of Practice",BIS Compendium of Indian Standards on Electrical Transformers,https://www.services.bis.gov.in/tmp/compendium_2025-06-02-05-15-17.pdf,,,,,,Blank lifecycle/certification fields must be resolved from the current BIS Know Your Standard record before production recommendation.
IS 10028 (Part 3):1981,"Code of practice for selection, installation and maintenance of transformers: Part 3 Maintenance",Electrical / Transformers,Code of Practice,BIS,BIS compendium / BIS programme of work / BIS official capsule-course material,BIS-source identified; verify current Know Your Standard record before production,Active/Current candidate,"IS 10028 (Part 3):1981 | Code of practice for selection, installation and maintenance of transformers: Part 3 Maintenance | Electrical / Transformers | Code of Practice",BIS Compendium of Indian Standards on Electrical Transformers,https://www.services.bis.gov.in/tmp/compendium_2025-06-02-05-15-17.pdf,,,,,,Blank lifecycle/certification fields must be resolved from the current BIS Know Your Standard record before production recommendation.
IS 18284:2023,Repair of Distribution Transformers - Code of Practice,Electrical / Transformers,Code of Practice,BIS,BIS compendium / BIS programme of work / BIS official capsule-course material,BIS-source identified; verify current Know Your Standard record before production,Active/Current candidate,IS 18284:2023 | Repair of Distribution Transformers - Code of Practice | Electrical / Transformers | Code of Practice,BIS Compendium of Indian Standards on Electrical Transformers,https://www.services.bis.gov.in/tmp/compendium_2025-06-02-05-15-17.pdf,,,,,,Blank lifecycle/certification fields must be resolved from the current BIS Know Your Standard record before production recommendation.
IS 18445:2024,"Guide for the Application, Specification and Testing of Phase Shifting Transformers",Electrical / Transformers,Guideline,BIS,BIS compendium / BIS programme of work / BIS official capsule-course material,BIS-source identified; verify current Know Your Standard record before production,Active/Current candidate,"IS 18445:2024 | Guide for the Application, Specification and Testing of Phase Shifting Transformers | Electrical / Transformers | Guideline",BIS Compendium of Indian Standards on Electrical Transformers,https://www.services.bis.gov.in/tmp/compendium_2025-06-02-05-15-17.pdf,,,,,,Blank lifecycle/certification fields must be resolved from the current BIS Know Your Standard record before production recommendation.
IS 694:2010,PVC insulated unsheathed and sheathed cables/cords with rigid and flexible conductor up to 1100 V,Electrical / Cables,Product Specification,BIS,BIS compendium / BIS programme of work / BIS official capsule-course material,BIS-source identified; verify current Know Your Standard record before production,Active/Current candidate,IS 694:2010 | PVC insulated unsheathed and sheathed cables/cords with rigid and flexible conductor up to 1100 V | Electrical / Cables | Product Specification,BIS official standards catalogue / programme of work / capsule-course material,https://standards.bis.gov.in/,,,,,,Blank lifecycle/certification fields must be resolved from the current BIS Know Your Standard record before production recommendation.
IS 9968 (Part 1):1988,Specification for elastomer insulated cables: Part 1 for working voltages up to and including 1100 volts,Electrical / Cables,Product Specification,BIS,BIS compendium / BIS programme of work / BIS official capsule-course material,BIS-source identified; verify current Know Your Standard record before production,Active/Current candidate,IS 9968 (Part 1):1988 | Specification for elastomer insulated cables: Part 1 for working voltages up to and including 1100 volts | Electrical / Cables | Product Specification,BIS official standards catalogue / programme of work / capsule-course material,https://standards.bis.gov.in/,,,,,,Blank lifecycle/certification fields must be resolved from the current BIS Know Your Standard record before production recommendation.
IS 17048:2018,Halogen free flame retardant cables for working voltages up to and including 1100 Volts - Specification,Electrical / Cables,Product Specification,BIS,BIS compendium / BIS programme of work / BIS official capsule-course material,BIS-source identified; verify current Know Your Standard record before production,Active/Current candidate,IS 17048:2018 | Halogen free flame retardant cables for working voltages up to and including 1100 Volts - Specification | Electrical / Cables | Product Specification,BIS official standards catalogue / programme of work / capsule-course material,https://standards.bis.gov.in/,,,,,,Blank lifecycle/certification fields must be resolved from the current BIS Know Your Standard record before production recommendation.
IS 732:2019,Code of practice for electrical wiring installations,Electrical / Installations,Code of Practice,BIS,BIS compendium / BIS programme of work / BIS official capsule-course material,BIS-source identified; verify current Know Your Standard record before production,Active/Current candidate,IS 732:2019 | Code of practice for electrical wiring installations | Electrical / Installations | Code of Practice,BIS official standards catalogue / programme of work / capsule-course material,https://standards.bis.gov.in/,,,,,,Blank lifecycle/certification fields must be resolved from the current BIS Know Your Standard record before production recommendation.
IS 3854,Switches for domestic and similar purposes - Specification,Electrical / Switchgear,Product Specification,BIS,BIS compendium / BIS programme of work / BIS official capsule-course material,BIS-source identified; verify current Know Your Standard record before production,Active/Current candidate,IS 3854 | Switches for domestic and similar purposes - Specification | Electrical / Switchgear | Product Specification,BIS official standards catalogue / programme of work / capsule-course material,https://standards.bis.gov.in/,,,,,,Blank lifecycle/certification fields must be resolved from the current BIS Know Your Standard record before production recommendation.
IS 9537 (Part 3),Conduits for electrical installations - Part 3,Electrical / Installations,Product Specification,BIS,BIS compendium / BIS programme of work / BIS official capsule-course material,BIS-source identified; verify current Know Your Standard record before production,Active/Current candidate,IS 9537 (Part 3) | Conduits for electrical installations - Part 3 | Electrical / Installations | Product Specification,BIS official standards catalogue / programme of work / capsule-course material,https://standards.bis.gov.in/,,,,,,Blank lifecycle/certification fields must be resolved from the current BIS Know Your Standard record before production recommendation.
IS 616:2017,"Audio, video and similar electronic apparatus - Safety requirements",Electronics / AV Equipment,Safety Standard,BIS,BIS compendium / BIS programme of work / BIS official capsule-course material,BIS-source identified; verify current Know Your Standard record before production,Active/Current candidate,"IS 616:2017 | Audio, video and similar electronic apparatus - Safety requirements | Electronics / AV Equipment | Safety Standard",BIS official standards catalogue / programme of work / capsule-course material,https://standards.bis.gov.in/,,,,,,Blank lifecycle/certification fields must be resolved from the current BIS Know Your Standard record before production recommendation.
IS 302 (Part 1),Safety of household and similar electrical appliances - Part 1 General requirements,Electrical Appliances,Safety Standard,BIS,BIS compendium / BIS programme of work / BIS official capsule-course material,BIS-source identified; verify current Know Your Standard record before production,Active/Current candidate,IS 302 (Part 1) | Safety of household and similar electrical appliances - Part 1 General requirements | Electrical Appliances | Safety Standard,BIS official standards catalogue / programme of work / capsule-course material,https://standards.bis.gov.in/,,,,,,Blank lifecycle/certification fields must be resolved from the current BIS Know Your Standard record before production recommendation.
IS 4250:2025,Electric Food-Mixers (Liquidizers and Grinders) and Centrifugal Juicers - Specification,Electrical Appliances,Product Specification,BIS,BIS compendium / BIS programme of work / BIS official capsule-course material,BIS-source identified; verify current Know Your Standard record before production,Active/Current candidate,IS 4250:2025 | Electric Food-Mixers (Liquidizers and Grinders) and Centrifugal Juicers - Specification | Electrical Appliances | Product Specification,BIS official standards catalogue / programme of work / capsule-course material,https://standards.bis.gov.in/,,,,,,Blank lifecycle/certification fields must be resolved from the current BIS Know Your Standard record before production recommendation.
IS 2082:2018,Stationary storage type electric water heaters - Specification,Electrical Appliances,Product Specification,BIS,BIS compendium / BIS programme of work / BIS official capsule-course material,BIS-source identified; verify current Know Your Standard record before production,Active/Current candidate,IS 2082:2018 | Stationary storage type electric water heaters - Specification | Electrical Appliances | Product Specification,BIS official standards catalogue / programme of work / capsule-course material,https://standards.bis.gov.in/,,,,,,Blank lifecycle/certification fields must be resolved from the current BIS Know Your Standard record before production recommendation.
IS 3177:2020,Electric Overhead Travelling Crane and Gantry Crane for all Applications - Code of Practice,Mechanical / Cranes,Code of Practice,BIS,BIS compendium / BIS programme of work / BIS official capsule-course material,BIS-source identified; verify current Know Your Standard record before production,Active/Current candidate,IS 3177:2020 | Electric Overhead Travelling Crane and Gantry Crane for all Applications - Code of Practice | Mechanical / Cranes | Code of Practice,BIS official standards catalogue / programme of work / capsule-course material,https://standards.bis.gov.in/,,,,,,Blank lifecycle/certification fields must be resolved from the current BIS Know Your Standard record before production recommendation.
IS 11501:2023,"Engine monoset pumps for clear, cold water for agricultural purposes - Specification",Mechanical / Pumps,Product Specification,BIS,BIS compendium / BIS programme of work / BIS official capsule-course material,BIS-source identified; verify current Know Your Standard record before production,Active/Current candidate,"IS 11501:2023 | Engine monoset pumps for clear, cold water for agricultural purposes - Specification | Mechanical / Pumps | Product Specification",BIS Compendium of Indian Standards on Pumps and Pumping Systems,https://services.bis.gov.in/tmp/compendium_2025-06-02-05-22-06.pdf,,,,,,Blank lifecycle/certification fields must be resolved from the current BIS Know Your Standard record before production recommendation.
IS 12225:2025,Centrifugal jet pumps - Specification,Mechanical / Pumps,Product Specification,BIS,BIS compendium / BIS programme of work / BIS official capsule-course material,BIS-source identified; verify current Know Your Standard record before production,Active/Current candidate,IS 12225:2025 | Centrifugal jet pumps - Specification | Mechanical / Pumps | Product Specification,BIS Compendium of Indian Standards on Pumps and Pumping Systems,https://services.bis.gov.in/tmp/compendium_2025-06-02-05-22-06.pdf,,,,,,Blank lifecycle/certification fields must be resolved from the current BIS Know Your Standard record before production recommendation.
IS 12469:2019,Specification of pumps for stationary firefighting installations,Mechanical / Pumps,Product Specification,BIS,BIS compendium / BIS programme of work / BIS official capsule-course material,BIS-source identified; verify current Know Your Standard record before production,Active/Current candidate,IS 12469:2019 | Specification of pumps for stationary firefighting installations | Mechanical / Pumps | Product Specification,BIS Compendium of Indian Standards on Pumps and Pumping Systems,https://services.bis.gov.in/tmp/compendium_2025-06-02-05-22-06.pdf,,,,,,Blank lifecycle/certification fields must be resolved from the current BIS Know Your Standard record before production recommendation.
IS 14220:2018,Openwell submersible pumpsets - Specification,Mechanical / Pumps,Product Specification,BIS,BIS compendium / BIS programme of work / BIS official capsule-course material,BIS-source identified; verify current Know Your Standard record before production,Active/Current candidate,IS 14220:2018 | Openwell submersible pumpsets - Specification | Mechanical / Pumps | Product Specification,BIS Compendium of Indian Standards on Pumps and Pumping Systems,https://services.bis.gov.in/tmp/compendium_2025-06-02-05-22-06.pdf,,,,,,Blank lifecycle/certification fields must be resolved from the current BIS Know Your Standard record before production recommendation.
IS 17018 (Part 1):2022,Solar photovoltaic water pumping systems Part 1 Centrifugal pumps specification,Renewable Energy / Pumps,Product Specification,BIS,BIS compendium / BIS programme of work / BIS official capsule-course material,BIS-source identified; verify current Know Your Standard record before production,Active/Current candidate,IS 17018 (Part 1):2022 | Solar photovoltaic water pumping systems Part 1 Centrifugal pumps specification | Renewable Energy / Pumps | Product Specification,BIS Compendium of Indian Standards on Pumps and Pumping Systems,https://services.bis.gov.in/tmp/compendium_2025-06-02-05-22-06.pdf,,,,,,Blank lifecycle/certification fields must be resolved from the current BIS Know Your Standard record before production recommendation.
IS 1710:2021,Vertical turbine pumps - Specification,Mechanical / Pumps,Product Specification,BIS,BIS compendium / BIS programme of work / BIS official capsule-course material,BIS-source identified; verify current Know Your Standard record before production,Active/Current candidate,IS 1710:2021 | Vertical turbine pumps - Specification | Mechanical / Pumps | Product Specification,BIS Compendium of Indian Standards on Pumps and Pumping Systems,https://services.bis.gov.in/tmp/compendium_2025-06-02-05-22-06.pdf,,,,,,Blank lifecycle/certification fields must be resolved from the current BIS Know Your Standard record before production recommendation.
IS 6595 (Part 1):2023,"Horizontal centrifugal pumps for clear, cold water - Part 1 Agricultural and rural water supply purposes",Mechanical / Pumps,Product Specification,BIS,BIS compendium / BIS programme of work / BIS official capsule-course material,BIS-source identified; verify current Know Your Standard record before production,Active/Current candidate,"IS 6595 (Part 1):2023 | Horizontal centrifugal pumps for clear, cold water - Part 1 Agricultural and rural water supply purposes | Mechanical / Pumps | Product Specification",BIS Compendium of Indian Standards on Pumps and Pumping Systems,https://services.bis.gov.in/tmp/compendium_2025-06-02-05-22-06.pdf,,,,,,Blank lifecycle/certification fields must be resolved from the current BIS Know Your Standard record before production recommendation.
IS 6595 (Part 2):2023,"Horizontal centrifugal pump for clear, cold water - Part 2 General purpose",Mechanical / Pumps,Product Specification,BIS,BIS compendium / BIS programme of work / BIS official capsule-course material,BIS-source identified; verify current Know Your Standard record before production,Active/Current candidate,"IS 6595 (Part 2):2023 | Horizontal centrifugal pump for clear, cold water - Part 2 General purpose | Mechanical / Pumps | Product Specification",BIS Compendium of Indian Standards on Pumps and Pumping Systems,https://services.bis.gov.in/tmp/compendium_2025-06-02-05-22-06.pdf,,,,,,Blank lifecycle/certification fields must be resolved from the current BIS Know Your Standard record before production recommendation.
IS 8034:2018,Submersible pumpsets - Specification,Mechanical / Pumps,Product Specification,BIS,BIS compendium / BIS programme of work / BIS official capsule-course material,BIS-source identified; verify current Know Your Standard record before production,Active/Current candidate,IS 8034:2018 | Submersible pumpsets - Specification | Mechanical / Pumps | Product Specification,BIS Compendium of Indian Standards on Pumps and Pumping Systems,https://services.bis.gov.in/tmp/compendium_2025-06-02-05-22-06.pdf,,,,,,Blank lifecycle/certification fields must be resolved from the current BIS Know Your Standard record before production recommendation.
IS 9079:2018,"Monoset pumps for clear, cold water for agricultural and water supply purposes - Specification",Mechanical / Pumps,Product Specification,BIS,BIS compendium / BIS programme of work / BIS official capsule-course material,BIS-source identified; verify current Know Your Standard record before production,Active/Current candidate,"IS 9079:2018 | Monoset pumps for clear, cold water for agricultural and water supply purposes - Specification | Mechanical / Pumps | Product Specification",BIS Compendium of Indian Standards on Pumps and Pumping Systems,https://services.bis.gov.in/tmp/compendium_2025-06-02-05-22-06.pdf,,,,,,Blank lifecycle/certification fields must be resolved from the current BIS Know Your Standard record before production recommendation.
IS 8472:2019,"Centrifugal regenerative pumps for clear, cold water - Specification",Mechanical / Pumps,Product Specification,BIS,BIS compendium / BIS programme of work / BIS official capsule-course material,BIS-source identified; verify current Know Your Standard record before production,Active/Current candidate,"IS 8472:2019 | Centrifugal regenerative pumps for clear, cold water - Specification | Mechanical / Pumps | Product Specification",BIS Compendium of Indian Standards on Pumps and Pumping Systems,https://services.bis.gov.in/tmp/compendium_2025-06-02-05-22-06.pdf,,,,,,Blank lifecycle/certification fields must be resolved from the current BIS Know Your Standard record before production recommendation.
IS 10805:2022,"Foot-Valves, Reflux Valves or Non-Return Valves and Bore Valves to be Used in Suction Lines of Agricultural Pumping Systems - Specification",Mechanical / Pumps,Product Specification,BIS,BIS compendium / BIS programme of work / BIS official capsule-course material,BIS-source identified; verify current Know Your Standard record before production,Active/Current candidate,"IS 10805:2022 | Foot-Valves, Reflux Valves or Non-Return Valves and Bore Valves to be Used in Suction Lines of Agricultural Pumping Systems - Specification | Mechanical / Pumps | Product Specification",BIS Compendium of Indian Standards on Pumps and Pumping Systems,https://services.bis.gov.in/tmp/compendium_2025-06-02-05-22-06.pdf,,,,,,Blank lifecycle/certification fields must be resolved from the current BIS Know Your Standard record before production recommendation.
IS 15657:2021,"Centrifugal pumps for petroleum, petrochemical and natural gas industries",Mechanical / Pumps,Product Standard,BIS,BIS compendium / BIS programme of work / BIS official capsule-course material,BIS-source identified; verify current Know Your Standard record before production,Active/Current candidate,"IS 15657:2021 | Centrifugal pumps for petroleum, petrochemical and natural gas industries | Mechanical / Pumps | Product Standard",BIS Compendium of Indian Standards on Pumps and Pumping Systems,https://services.bis.gov.in/tmp/compendium_2025-06-02-05-22-06.pdf,,,,,,Blank lifecycle/certification fields must be resolved from the current BIS Know Your Standard record before production recommendation.
IS 5600:2002,Pumps - Sewage and drainage - Specification,Mechanical / Pumps,Product Specification,BIS,BIS compendium / BIS programme of work / BIS official capsule-course material,BIS-source identified; verify current Know Your Standard record before production,Active/Current candidate,IS 5600:2002 | Pumps - Sewage and drainage - Specification | Mechanical / Pumps | Product Specification,BIS Compendium of Indian Standards on Pumps and Pumping Systems,https://services.bis.gov.in/tmp/compendium_2025-06-02-05-22-06.pdf,,,,,,Blank lifecycle/certification fields must be resolved from the current BIS Know Your Standard record before production recommendation.
IS 8418:1999,Pumps - Centrifugal self priming - Specification,Mechanical / Pumps,Product Specification,BIS,BIS compendium / BIS programme of work / BIS official capsule-course material,BIS-source identified; verify current Know Your Standard record before production,Active/Current candidate,IS 8418:1999 | Pumps - Centrifugal self priming - Specification | Mechanical / Pumps | Product Specification,BIS Compendium of Indian Standards on Pumps and Pumping Systems,https://services.bis.gov.in/tmp/compendium_2025-06-02-05-22-06.pdf,,,,,,Blank lifecycle/certification fields must be resolved from the current BIS Know Your Standard record before production recommendation.
IS 9201:1987,Specification for pumps for handling slurry,Mechanical / Pumps,Product Specification,BIS,BIS compendium / BIS programme of work / BIS official capsule-course material,BIS-source identified; verify current Know Your Standard record before production,Active/Current candidate,IS 9201:1987 | Specification for pumps for handling slurry | Mechanical / Pumps | Product Specification,BIS Compendium of Indian Standards on Pumps and Pumping Systems,https://services.bis.gov.in/tmp/compendium_2025-06-02-05-22-06.pdf,,,,,,Blank lifecycle/certification fields must be resolved from the current BIS Know Your Standard record before production recommendation.
IS 10981:1983,"Code of acceptance test for centrifugal, mixed flow and axial pumps - class B",Mechanical / Pumps,Test Method,BIS,BIS compendium / BIS programme of work / BIS official capsule-course material,BIS-source identified; verify current Know Your Standard record before production,Active/Current candidate,"IS 10981:1983 | Code of acceptance test for centrifugal, mixed flow and axial pumps - class B | Mechanical / Pumps | Test Method",BIS Compendium of Indian Standards on Pumps and Pumping Systems,https://services.bis.gov.in/tmp/compendium_2025-06-02-05-22-06.pdf,,,,,,Blank lifecycle/certification fields must be resolved from the current BIS Know Your Standard record before production recommendation.
IS 11346:2002,Tests for agricultural and water supply pumps - code of acceptance,Mechanical / Pumps,Test Method,BIS,BIS compendium / BIS programme of work / BIS official capsule-course material,BIS-source identified; verify current Know Your Standard record before production,Active/Current candidate,IS 11346:2002 | Tests for agricultural and water supply pumps - code of acceptance | Mechanical / Pumps | Test Method,BIS Compendium of Indian Standards on Pumps and Pumping Systems,https://services.bis.gov.in/tmp/compendium_2025-06-02-05-22-06.pdf,,,,,,Blank lifecycle/certification fields must be resolved from the current BIS Know Your Standard record before production recommendation.
IS 13538:1993,"Centrifugal, mixed flow and axial pumps - code for hydraulic performance tests - precision class",Mechanical / Pumps,Test Method,BIS,BIS compendium / BIS programme of work / BIS official capsule-course material,BIS-source identified; verify current Know Your Standard record before production,Active/Current candidate,"IS 13538:1993 | Centrifugal, mixed flow and axial pumps - code for hydraulic performance tests - precision class | Mechanical / Pumps | Test Method",BIS Compendium of Indian Standards on Pumps and Pumping Systems,https://services.bis.gov.in/tmp/compendium_2025-06-02-05-22-06.pdf,,,,,,Blank lifecycle/certification fields must be resolved from the current BIS Know Your Standard record before production recommendation.
IS 17429:2020,Solar photovoltaic water pumping systems - testing procedure - guidelines,Renewable Energy / Pumps,Test Guideline,BIS,BIS compendium / BIS programme of work / BIS official capsule-course material,BIS-source identified; verify current Know Your Standard record before production,Active/Current candidate,IS 17429:2020 | Solar photovoltaic water pumping systems - testing procedure - guidelines | Renewable Energy / Pumps | Test Guideline,BIS Compendium of Indian Standards on Pumps and Pumping Systems,https://services.bis.gov.in/tmp/compendium_2025-06-02-05-22-06.pdf,,,,,,Blank lifecycle/certification fields must be resolved from the current BIS Know Your Standard record before production recommendation.
IS 10500:2012,Drinking Water - Specification,Water Quality,Product Specification,BIS,BIS compendium / BIS programme of work / BIS official capsule-course material,BIS-source identified; verify current Know Your Standard record before production,Active/Current candidate,IS 10500:2012 | Drinking Water - Specification | Water Quality | Product Specification,BIS official standards catalogue / programme of work / capsule-course material,https://standards.bis.gov.in/,,,,,,Blank lifecycle/certification fields must be resolved from the current BIS Know Your Standard record before production recommendation.
IS 14543:2024,Packaged drinking water other than packaged natural mineral water,Water Quality,Product Specification,BIS,BIS compendium / BIS programme of work / BIS official capsule-course material,BIS-source identified; verify current Know Your Standard record before production,Active/Current candidate,IS 14543:2024 | Packaged drinking water other than packaged natural mineral water | Water Quality | Product Specification,BIS official standards catalogue / programme of work / capsule-course material,https://standards.bis.gov.in/,,,,,,Blank lifecycle/certification fields must be resolved from the current BIS Know Your Standard record before production recommendation.
IS 17482:2020,Drinking Water Supply Management System - Requirements for Piped Drinking Water Supply Service,Water Utilities,Management Standard,BIS,BIS compendium / BIS programme of work / BIS official capsule-course material,BIS-source identified; verify current Know Your Standard record before production,Active/Current candidate,IS 17482:2020 | Drinking Water Supply Management System - Requirements for Piped Drinking Water Supply Service | Water Utilities | Management Standard,BIS official standards catalogue / programme of work / capsule-course material,https://standards.bis.gov.in/,,,,,,Blank lifecycle/certification fields must be resolved from the current BIS Know Your Standard record before production recommendation.
IS 1110:2023,Ferrosilicon - Specification,Metallurgy / Ferroalloys,Product Specification,BIS,BIS compendium / BIS programme of work / BIS official capsule-course material,BIS-source identified; verify current Know Your Standard record before production,Active/Current candidate,IS 1110:2023 | Ferrosilicon - Specification | Metallurgy / Ferroalloys | Product Specification,BIS Metallography / Metallurgical Engineering standards material,https://www.services.bis.gov.in/tmp/compendium_2025-06-05-11-59-24.pdf,,,,,,Blank lifecycle/certification fields must be resolved from the current BIS Know Your Standard record before production recommendation.
IS 1170:1992,Ferrochromium - Specification,Metallurgy / Ferroalloys,Product Specification,BIS,BIS compendium / BIS programme of work / BIS official capsule-course material,BIS-source identified; verify current Know Your Standard record before production,Active/Current candidate,IS 1170:1992 | Ferrochromium - Specification | Metallurgy / Ferroalloys | Product Specification,BIS Metallography / Metallurgical Engineering standards material,https://www.services.bis.gov.in/tmp/compendium_2025-06-05-11-59-24.pdf,,,,,,Blank lifecycle/certification fields must be resolved from the current BIS Know Your Standard record before production recommendation.
IS 1171:2011,Ferromanganese - Specification,Metallurgy / Ferroalloys,Product Specification,BIS,BIS compendium / BIS programme of work / BIS official capsule-course material,BIS-source identified; verify current Know Your Standard record before production,Active/Current candidate,IS 1171:2011 | Ferromanganese - Specification | Metallurgy / Ferroalloys | Product Specification,BIS Metallography / Metallurgical Engineering standards material,https://www.services.bis.gov.in/tmp/compendium_2025-06-05-11-59-24.pdf,,,,,,Blank lifecycle/certification fields must be resolved from the current BIS Know Your Standard record before production recommendation.
IS 12908:1990,Ferroaluminium - Specification,Metallurgy / Ferroalloys,Product Specification,BIS,BIS compendium / BIS programme of work / BIS official capsule-course material,BIS-source identified; verify current Know Your Standard record before production,Active/Current candidate,IS 12908:1990 | Ferroaluminium - Specification | Metallurgy / Ferroalloys | Product Specification,BIS Metallography / Metallurgical Engineering standards material,https://www.services.bis.gov.in/tmp/compendium_2025-06-05-11-59-24.pdf,,,,,,Blank lifecycle/certification fields must be resolved from the current BIS Know Your Standard record before production recommendation.
IS 13054:1991,Quartzite/quartz for the production of ferroalloys - Specification,Metallurgy / Ferroalloys,Product Specification,BIS,BIS compendium / BIS programme of work / BIS official capsule-course material,BIS-source identified; verify current Know Your Standard record before production,Active/Current candidate,IS 13054:1991 | Quartzite/quartz for the production of ferroalloys - Specification | Metallurgy / Ferroalloys | Product Specification,BIS Metallography / Metallurgical Engineering standards material,https://www.services.bis.gov.in/tmp/compendium_2025-06-05-11-59-24.pdf,,,,,,Blank lifecycle/certification fields must be resolved from the current BIS Know Your Standard record before production recommendation.
IS 1470:2013,Silicomanganese - Specification,Metallurgy / Ferroalloys,Product Specification,BIS,BIS compendium / BIS programme of work / BIS official capsule-course material,BIS-source identified; verify current Know Your Standard record before production,Active/Current candidate,IS 1470:2013 | Silicomanganese - Specification | Metallurgy / Ferroalloys | Product Specification,BIS Metallography / Metallurgical Engineering standards material,https://www.services.bis.gov.in/tmp/compendium_2025-06-05-11-59-24.pdf,,,,,,Blank lifecycle/certification fields must be resolved from the current BIS Know Your Standard record before production recommendation.
IS 2549:2023,Processed ferrous scrap - Code for classification,Metallurgy / Steel,Classification Standard,BIS,BIS compendium / BIS programme of work / BIS official capsule-course material,BIS-source identified; verify current Know Your Standard record before production,Active/Current candidate,IS 2549:2023 | Processed ferrous scrap - Code for classification | Metallurgy / Steel | Classification Standard,BIS Metallography / Metallurgical Engineering standards material,https://www.services.bis.gov.in/tmp/compendium_2025-06-05-11-59-24.pdf,,,,,,Blank lifecycle/certification fields must be resolved from the current BIS Know Your Standard record before production recommendation.
IS 14650:2023,Unalloyed and alloyed steel ingot and semi-finished products for re-rolling purposes,Metallurgy / Steel,Product Specification,BIS,BIS compendium / BIS programme of work / BIS official capsule-course material,BIS-source identified; verify current Know Your Standard record before production,Active/Current candidate,IS 14650:2023 | Unalloyed and alloyed steel ingot and semi-finished products for re-rolling purposes | Metallurgy / Steel | Product Specification,BIS Metallography / Metallurgical Engineering standards material,https://www.services.bis.gov.in/tmp/compendium_2025-06-05-11-59-24.pdf,,,,,,Blank lifecycle/certification fields must be resolved from the current BIS Know Your Standard record before production recommendation.
IS 6529:1996,Stainless steel blooms billets and slabs for forging,Metallurgy / Steel,Product Specification,BIS,BIS compendium / BIS programme of work / BIS official capsule-course material,BIS-source identified; verify current Know Your Standard record before production,Active/Current candidate,IS 6529:1996 | Stainless steel blooms billets and slabs for forging | Metallurgy / Steel | Product Specification,BIS Metallography / Metallurgical Engineering standards material,https://www.services.bis.gov.in/tmp/compendium_2025-06-05-11-59-24.pdf,,,,,,Blank lifecycle/certification fields must be resolved from the current BIS Know Your Standard record before production recommendation.
IS 6911:2017,"Stainless steel plate, sheet and strip - Specification",Metallurgy / Stainless Steel,Product Specification,BIS,BIS compendium / BIS programme of work / BIS official capsule-course material,BIS-source identified; verify current Know Your Standard record before production,Active/Current candidate,"IS 6911:2017 | Stainless steel plate, sheet and strip - Specification | Metallurgy / Stainless Steel | Product Specification",BIS Metallography / Metallurgical Engineering standards material,https://www.services.bis.gov.in/tmp/compendium_2025-06-05-11-59-24.pdf,,,,,,Blank lifecycle/certification fields must be resolved from the current BIS Know Your Standard record before production recommendation.
IS 1079:2017,"Hot rolled carbon steel sheet, plate and strip - Specification",Metallurgy / Steel,Product Specification,BIS,BIS compendium / BIS programme of work / BIS official capsule-course material,BIS-source identified; verify current Know Your Standard record before production,Active/Current candidate,"IS 1079:2017 | Hot rolled carbon steel sheet, plate and strip - Specification | Metallurgy / Steel | Product Specification",BIS Metallography / Metallurgical Engineering standards material,https://www.services.bis.gov.in/tmp/compendium_2025-06-05-11-59-24.pdf,,,,,,Blank lifecycle/certification fields must be resolved from the current BIS Know Your Standard record before production recommendation.
IS 1161:2014,Steel tubes for structural purposes - Specification,Metallurgy / Steel Tubes,Product Specification,BIS,BIS compendium / BIS programme of work / BIS official capsule-course material,BIS-source identified; verify current Know Your Standard record before production,Active/Current candidate,IS 1161:2014 | Steel tubes for structural purposes - Specification | Metallurgy / Steel Tubes | Product Specification,BIS Metallography / Metallurgical Engineering standards material,https://www.services.bis.gov.in/tmp/compendium_2025-06-05-11-59-24.pdf,,,,,,Blank lifecycle/certification fields must be resolved from the current BIS Know Your Standard record before production recommendation.
IS 1239 (Part 1):2004,"Steel tubes, tubulars and other wrought steel fittings - Part 1 steel tubes",Metallurgy / Steel Tubes,Product Specification,BIS,BIS compendium / BIS programme of work / BIS official capsule-course material,BIS-source identified; verify current Know Your Standard record before production,Active/Current candidate,"IS 1239 (Part 1):2004 | Steel tubes, tubulars and other wrought steel fittings - Part 1 steel tubes | Metallurgy / Steel Tubes | Product Specification",BIS Metallography / Metallurgical Engineering standards material,https://www.services.bis.gov.in/tmp/compendium_2025-06-05-11-59-24.pdf,,,,,,Blank lifecycle/certification fields must be resolved from the current BIS Know Your Standard record before production recommendation.
IS 3601:2006,Steel tubes for mechanical and general engineering purposes - Specification,Metallurgy / Steel Tubes,Product Specification,BIS,BIS compendium / BIS programme of work / BIS official capsule-course material,BIS-source identified; verify current Know Your Standard record before production,Active/Current candidate,IS 3601:2006 | Steel tubes for mechanical and general engineering purposes - Specification | Metallurgy / Steel Tubes | Product Specification,BIS Metallography / Metallurgical Engineering standards material,https://www.services.bis.gov.in/tmp/compendium_2025-06-05-11-59-24.pdf,,,,,,Blank lifecycle/certification fields must be resolved from the current BIS Know Your Standard record before production recommendation.
IS 2629:1985,Recommended practice for hot-dip galvanizing of iron and steel,Metallurgy / Coatings,Code of Practice,BIS,BIS compendium / BIS programme of work / BIS official capsule-course material,BIS-source identified; verify current Know Your Standard record before production,Active/Current candidate,IS 2629:1985 | Recommended practice for hot-dip galvanizing of iron and steel | Metallurgy / Coatings | Code of Practice,BIS Metallography / Metallurgical Engineering standards material,https://www.services.bis.gov.in/tmp/compendium_2025-06-05-11-59-24.pdf,,,,,,Blank lifecycle/certification fields must be resolved from the current BIS Know Your Standard record before production recommendation.
IS 2633:1986,Method for testing uniformity of coating on zinc coated articles,Metallurgy / Coatings,Test Method,BIS,BIS compendium / BIS programme of work / BIS official capsule-course material,BIS-source identified; verify current Know Your Standard record before production,Active/Current candidate,IS 2633:1986 | Method for testing uniformity of coating on zinc coated articles | Metallurgy / Coatings | Test Method,BIS Metallography / Metallurgical Engineering standards material,https://www.services.bis.gov.in/tmp/compendium_2025-06-05-11-59-24.pdf,,,,,,Blank lifecycle/certification fields must be resolved from the current BIS Know Your Standard record before production recommendation.
IS 6396:2023,Steels - Determination of the depth of decarburization,Metallurgy / Testing,Test Method,BIS,BIS compendium / BIS programme of work / BIS official capsule-course material,BIS-source identified; verify current Know Your Standard record before production,Active/Current candidate,IS 6396:2023 | Steels - Determination of the depth of decarburization | Metallurgy / Testing | Test Method,BIS Metallography / Metallurgical Engineering standards material,https://www.services.bis.gov.in/tmp/compendium_2025-06-05-11-59-24.pdf,,,,,,Blank lifecycle/certification fields must be resolved from the current BIS Know Your Standard record before production recommendation.
IS 1501 (Part 1):2020,Metallic Materials - Vickers Hardness Test Part 1 Test Method,Metallurgy / Testing,Test Method,BIS,BIS compendium / BIS programme of work / BIS official capsule-course material,BIS-source identified; verify current Know Your Standard record before production,Active/Current candidate,IS 1501 (Part 1):2020 | Metallic Materials - Vickers Hardness Test Part 1 Test Method | Metallurgy / Testing | Test Method,BIS Metallography / Metallurgical Engineering standards material,https://www.services.bis.gov.in/tmp/compendium_2025-06-05-11-59-24.pdf,,,,,,Blank lifecycle/certification fields must be resolved from the current BIS Know Your Standard record before production recommendation.
IS 733:1983,"Specification for wrought aluminium and aluminium alloys bars, rods and sections for general engineering purposes",Metallurgy / Aluminium,Product Specification,BIS,BIS compendium / BIS programme of work / BIS official capsule-course material,BIS-source identified; verify current Know Your Standard record before production,Active/Current candidate,"IS 733:1983 | Specification for wrought aluminium and aluminium alloys bars, rods and sections for general engineering purposes | Metallurgy / Aluminium | Product Specification",BIS Metallography / Metallurgical Engineering standards material,https://www.services.bis.gov.in/tmp/compendium_2025-06-05-11-59-24.pdf,,,,,,Blank lifecycle/certification fields must be resolved from the current BIS Know Your Standard record before production recommendation.
IS 734:1975,Wrought aluminium and aluminium alloys forging stock and forgings,Metallurgy / Aluminium,Product Specification,BIS,BIS compendium / BIS programme of work / BIS official capsule-course material,BIS-source identified; verify current Know Your Standard record before production,Active/Current candidate,IS 734:1975 | Wrought aluminium and aluminium alloys forging stock and forgings | Metallurgy / Aluminium | Product Specification,BIS Metallography / Metallurgical Engineering standards material,https://www.services.bis.gov.in/tmp/compendium_2025-06-05-11-59-24.pdf,,,,,,Blank lifecycle/certification fields must be resolved from the current BIS Know Your Standard record before production recommendation.
IS 736:1986,Specification for wrought aluminium and aluminium alloys plate for general engineering purposes,Metallurgy / Aluminium,Product Specification,BIS,BIS compendium / BIS programme of work / BIS official capsule-course material,BIS-source identified; verify current Know Your Standard record before production,Active/Current candidate,IS 736:1986 | Specification for wrought aluminium and aluminium alloys plate for general engineering purposes | Metallurgy / Aluminium | Product Specification,BIS Metallography / Metallurgical Engineering standards material,https://www.services.bis.gov.in/tmp/compendium_2025-06-05-11-59-24.pdf,,,,,,Blank lifecycle/certification fields must be resolved from the current BIS Know Your Standard record before production recommendation.
IS 737:2008,Wrought aluminium and aluminium alloys sheet and strip for general engineering purposes - Specification,Metallurgy / Aluminium,Product Specification,BIS,BIS compendium / BIS programme of work / BIS official capsule-course material,BIS-source identified; verify current Know Your Standard record before production,Active/Current candidate,IS 737:2008 | Wrought aluminium and aluminium alloys sheet and strip for general engineering purposes - Specification | Metallurgy / Aluminium | Product Specification,BIS Metallography / Metallurgical Engineering standards material,https://www.services.bis.gov.in/tmp/compendium_2025-06-05-11-59-24.pdf,,,,,,Blank lifecycle/certification fields must be resolved from the current BIS Know Your Standard record before production recommendation.
IS 738:1994,Specification for wrought aluminium and aluminium alloys drawn tube for general engineering purposes,Metallurgy / Aluminium,Product Specification,BIS,BIS compendium / BIS programme of work / BIS official capsule-course material,BIS-source identified; verify current Know Your Standard record before production,Active/Current candidate,IS 738:1994 | Specification for wrought aluminium and aluminium alloys drawn tube for general engineering purposes | Metallurgy / Aluminium | Product Specification,BIS Metallography / Metallurgical Engineering standards material,https://www.services.bis.gov.in/tmp/compendium_2025-06-05-11-59-24.pdf,,,,,,Blank lifecycle/certification fields must be resolved from the current BIS Know Your Standard record before production recommendation.
IS 739:1992,Wrought aluminium and aluminium alloys - Wire for general engineering purposes - Specification,Metallurgy / Aluminium,Product Specification,BIS,BIS compendium / BIS programme of work / BIS official capsule-course material,BIS-source identified; verify current Know Your Standard record before production,Active/Current candidate,IS 739:1992 | Wrought aluminium and aluminium alloys - Wire for general engineering purposes - Specification | Metallurgy / Aluminium | Product Specification,BIS Metallography / Metallurgical Engineering standards material,https://www.services.bis.gov.in/tmp/compendium_2025-06-05-11-59-24.pdf,,,,,,Blank lifecycle/certification fields must be resolved from the current BIS Know Your Standard record before production recommendation.
IS 740:1977,Specification for wrought aluminium and aluminium alloys rivet stock,Metallurgy / Aluminium,Product Specification,BIS,BIS compendium / BIS programme of work / BIS official capsule-course material,BIS-source identified; verify current Know Your Standard record before production,Active/Current candidate,IS 740:1977 | Specification for wrought aluminium and aluminium alloys rivet stock | Metallurgy / Aluminium | Product Specification,BIS Metallography / Metallurgical Engineering standards material,https://www.services.bis.gov.in/tmp/compendium_2025-06-05-11-59-24.pdf,,,,,,Blank lifecycle/certification fields must be resolved from the current BIS Know Your Standard record before production recommendation.
IS 1254:2007,Corrugated aluminium sheet,Metallurgy / Aluminium,Product Specification,BIS,BIS compendium / BIS programme of work / BIS official capsule-course material,BIS-source identified; verify current Know Your Standard record before production,Active/Current candidate,IS 1254:2007 | Corrugated aluminium sheet | Metallurgy / Aluminium | Product Specification,BIS Metallography / Metallurgical Engineering standards material,https://www.services.bis.gov.in/tmp/compendium_2025-06-05-11-59-24.pdf,,,,,,Blank lifecycle/certification fields must be resolved from the current BIS Know Your Standard record before production recommendation.
IS 1284:2024,Wrought aluminium alloys bolt and screw stock - Specification,Metallurgy / Aluminium,Product Specification,BIS,BIS compendium / BIS programme of work / BIS official capsule-course material,BIS-source identified; verify current Know Your Standard record before production,Active/Current candidate,IS 1284:2024 | Wrought aluminium alloys bolt and screw stock - Specification | Metallurgy / Aluminium | Product Specification,BIS Metallography / Metallurgical Engineering standards material,https://www.services.bis.gov.in/tmp/compendium_2025-06-05-11-59-24.pdf,,,,,,Blank lifecycle/certification fields must be resolved from the current BIS Know Your Standard record before production recommendation.
IS 1285:2002,Wrought aluminium and aluminium alloys - Extruded round tube and hollow sections,Metallurgy / Aluminium,Product Specification,BIS,BIS compendium / BIS programme of work / BIS official capsule-course material,BIS-source identified; verify current Know Your Standard record before production,Active/Current candidate,IS 1285:2002 | Wrought aluminium and aluminium alloys - Extruded round tube and hollow sections | Metallurgy / Aluminium | Product Specification,BIS Metallography / Metallurgical Engineering standards material,https://www.services.bis.gov.in/tmp/compendium_2025-06-05-11-59-24.pdf,,,,,,Blank lifecycle/certification fields must be resolved from the current BIS Know Your Standard record before production recommendation.
IS 617,Aluminium alloy ingots and castings - Specification,Metallurgy / Aluminium,Product Specification,BIS,BIS compendium / BIS programme of work / BIS official capsule-course material,BIS-source identified; verify current Know Your Standard record before production,Active/Current candidate,IS 617 | Aluminium alloy ingots and castings - Specification | Metallurgy / Aluminium | Product Specification,BIS Metallography / Metallurgical Engineering standards material,https://www.services.bis.gov.in/tmp/compendium_2025-06-05-11-59-24.pdf,,,,,,Blank lifecycle/certification fields must be resolved from the current BIS Know Your Standard record before production recommendation.
IS 4026,Wrought aluminium and aluminium alloy rivet stock / related aluminium product standard,Metallurgy / Aluminium,Product Standard,BIS,BIS compendium / BIS programme of work / BIS official capsule-course material,BIS-source identified; verify current Know Your Standard record before production,Active/Current candidate,IS 4026 | Wrought aluminium and aluminium alloy rivet stock / related aluminium product standard | Metallurgy / Aluminium | Product Standard,BIS Metallography / Metallurgical Engineering standards material,https://www.services.bis.gov.in/tmp/compendium_2025-06-05-11-59-24.pdf,,,,,,Blank lifecycle/certification fields must be resolved from the current BIS Know Your Standard record before production recommendation.
IS 8519:2024,"Guide for Selection of Occupational Protective Clothing - Body Protection (Selection, Care, and Maintenance)",Occupational Safety / PPE,Guideline,BIS,BIS compendium / BIS programme of work / BIS official capsule-course material,BIS-source identified; verify current Know Your Standard record before production,Active/Current candidate,"IS 8519:2024 | Guide for Selection of Occupational Protective Clothing - Body Protection (Selection, Care, and Maintenance) | Occupational Safety / PPE | Guideline",BIS Compendium of Indian Standards on Protective Textiles / PPE,https://www.services.bis.gov.in/tmp/compendium_2025-05-28-03-19-26.pdf,,,,,,Blank lifecycle/certification fields must be resolved from the current BIS Know Your Standard record before production recommendation.
IS 6994 (Part 1):2021,Protective Gloves against Dangerous Chemicals and Micro-organisms - Terminology and performance requirements for chemical risks,Occupational Safety / PPE,Product/Test Standard,BIS,BIS compendium / BIS programme of work / BIS official capsule-course material,BIS-source identified; verify current Know Your Standard record before production,Active/Current candidate,IS 6994 (Part 1):2021 | Protective Gloves against Dangerous Chemicals and Micro-organisms - Terminology and performance requirements for chemical risks | Occupational Safety / PPE | Product/Test Standard,BIS Compendium of Indian Standards on Protective Textiles / PPE,https://www.services.bis.gov.in/tmp/compendium_2025-05-28-03-19-26.pdf,,,,,,Blank lifecycle/certification fields must be resolved from the current BIS Know Your Standard record before production recommendation.
IS 6994 (Part 2):2021,Protective Gloves against Dangerous Chemicals and Micro-organisms - Determination of resistance to penetration,Occupational Safety / PPE,Test Method,BIS,BIS compendium / BIS programme of work / BIS official capsule-course material,BIS-source identified; verify current Know Your Standard record before production,Active/Current candidate,IS 6994 (Part 2):2021 | Protective Gloves against Dangerous Chemicals and Micro-organisms - Determination of resistance to penetration | Occupational Safety / PPE | Test Method,BIS Compendium of Indian Standards on Protective Textiles / PPE,https://www.services.bis.gov.in/tmp/compendium_2025-05-28-03-19-26.pdf,,,,,,Blank lifecycle/certification fields must be resolved from the current BIS Know Your Standard record before production recommendation.
IS 6994 (Part 4):2021,Protective Gloves against Dangerous Chemicals and Micro-organisms - Determination of resistance to degradation by chemicals,Occupational Safety / PPE,Test Method,BIS,BIS compendium / BIS programme of work / BIS official capsule-course material,BIS-source identified; verify current Know Your Standard record before production,Active/Current candidate,IS 6994 (Part 4):2021 | Protective Gloves against Dangerous Chemicals and Micro-organisms - Determination of resistance to degradation by chemicals | Occupational Safety / PPE | Test Method,BIS Compendium of Indian Standards on Protective Textiles / PPE,https://www.services.bis.gov.in/tmp/compendium_2025-05-28-03-19-26.pdf,,,,,,Blank lifecycle/certification fields must be resolved from the current BIS Know Your Standard record before production recommendation.
IS 6994 (Part 5):2021,Protective Gloves against Dangerous Chemicals and Micro-organisms - Terminology and performance requirements for micro-organisms risks,Occupational Safety / PPE,Product/Test Standard,BIS,BIS compendium / BIS programme of work / BIS official capsule-course material,BIS-source identified; verify current Know Your Standard record before production,Active/Current candidate,IS 6994 (Part 5):2021 | Protective Gloves against Dangerous Chemicals and Micro-organisms - Terminology and performance requirements for micro-organisms risks | Occupational Safety / PPE | Product/Test Standard,BIS Compendium of Indian Standards on Protective Textiles / PPE,https://www.services.bis.gov.in/tmp/compendium_2025-05-28-03-19-26.pdf,,,,,,Blank lifecycle/certification fields must be resolved from the current BIS Know Your Standard record before production recommendation.
IS 6994 (Part 6):2021,Protective gloves against mechanical risks,Occupational Safety / PPE,Product/Test Standard,BIS,BIS compendium / BIS programme of work / BIS official capsule-course material,BIS-source identified; verify current Know Your Standard record before production,Active/Current candidate,IS 6994 (Part 6):2021 | Protective gloves against mechanical risks | Occupational Safety / PPE | Product/Test Standard,BIS Compendium of Indian Standards on Protective Textiles / PPE,https://www.services.bis.gov.in/tmp/compendium_2025-05-28-03-19-26.pdf,,,,,,Blank lifecycle/certification fields must be resolved from the current BIS Know Your Standard record before production recommendation.
IS 6994 (Part 7):2021,Protective Gloves - General requirements and test methods,Occupational Safety / PPE,Product/Test Standard,BIS,BIS compendium / BIS programme of work / BIS official capsule-course material,BIS-source identified; verify current Know Your Standard record before production,Active/Current candidate,IS 6994 (Part 7):2021 | Protective Gloves - General requirements and test methods | Occupational Safety / PPE | Product/Test Standard,BIS Compendium of Indian Standards on Protective Textiles / PPE,https://www.services.bis.gov.in/tmp/compendium_2025-05-28-03-19-26.pdf,,,,,,Blank lifecycle/certification fields must be resolved from the current BIS Know Your Standard record before production recommendation.
IS 15748:2022,Protective Clothing - Clothing to Protect Against Heat and Flame - Minimum Performance Requirements,Occupational Safety / PPE,Product Specification,BIS,BIS compendium / BIS programme of work / BIS official capsule-course material,BIS-source identified; verify current Know Your Standard record before production,Active/Current candidate,IS 15748:2022 | Protective Clothing - Clothing to Protect Against Heat and Flame - Minimum Performance Requirements | Occupational Safety / PPE | Product Specification,BIS Compendium of Indian Standards on Protective Textiles / PPE,https://www.services.bis.gov.in/tmp/compendium_2025-05-28-03-19-26.pdf,,,,,,Blank lifecycle/certification fields must be resolved from the current BIS Know Your Standard record before production recommendation.
IS 16890:2024,Textiles - Protective Clothing for Firefighters - Specification,Occupational Safety / PPE,Product Specification,BIS,BIS compendium / BIS programme of work / BIS official capsule-course material,BIS-source identified; verify current Know Your Standard record before production,Active/Current candidate,IS 16890:2024 | Textiles - Protective Clothing for Firefighters - Specification | Occupational Safety / PPE | Product Specification,BIS Compendium of Indian Standards on Protective Textiles / PPE,https://www.services.bis.gov.in/tmp/compendium_2025-05-28-03-19-26.pdf,,,,,,Blank lifecycle/certification fields must be resolved from the current BIS Know Your Standard record before production recommendation.
IS 16874:2018,Textiles - Protective Gloves for Firefighters - Specification,Occupational Safety / PPE,Product Specification,BIS,BIS compendium / BIS programme of work / BIS official capsule-course material,BIS-source identified; verify current Know Your Standard record before production,Active/Current candidate,IS 16874:2018 | Textiles - Protective Gloves for Firefighters - Specification | Occupational Safety / PPE | Product Specification,BIS Compendium of Indian Standards on Protective Textiles / PPE,https://www.services.bis.gov.in/tmp/compendium_2025-05-28-03-19-26.pdf,,,,,,Blank lifecycle/certification fields must be resolved from the current BIS Know Your Standard record before production recommendation.
IS 15809:2017,High visibility warning clothes - Specification,Occupational Safety / PPE,Product Specification,BIS,BIS compendium / BIS programme of work / BIS official capsule-course material,BIS-source identified; verify current Know Your Standard record before production,Active/Current candidate,IS 15809:2017 | High visibility warning clothes - Specification | Occupational Safety / PPE | Product Specification,BIS Compendium of Indian Standards on Protective Textiles / PPE,https://www.services.bis.gov.in/tmp/compendium_2025-05-28-03-19-26.pdf,,,,,,Blank lifecycle/certification fields must be resolved from the current BIS Know Your Standard record before production recommendation.
IS 18849:2024,Textiles - Workwear for cement workers - Specification,Occupational Safety / PPE,Product Specification,BIS,BIS compendium / BIS programme of work / BIS official capsule-course material,BIS-source identified; verify current Know Your Standard record before production,Active/Current candidate,IS 18849:2024 | Textiles - Workwear for cement workers - Specification | Occupational Safety / PPE | Product Specification,BIS Compendium of Indian Standards on Protective Textiles / PPE,https://www.services.bis.gov.in/tmp/compendium_2025-05-28-03-19-26.pdf,,,,,,Blank lifecycle/certification fields must be resolved from the current BIS Know Your Standard record before production recommendation.
IS 16655:2017,Textiles - Protective clothing for use in welding and allied processes,Occupational Safety / PPE,Product Specification,BIS,BIS compendium / BIS programme of work / BIS official capsule-course material,BIS-source identified; verify current Know Your Standard record before production,Active/Current candidate,IS 16655:2017 | Textiles - Protective clothing for use in welding and allied processes | Occupational Safety / PPE | Product Specification,BIS Compendium of Indian Standards on Protective Textiles / PPE,https://www.services.bis.gov.in/tmp/compendium_2025-05-28-03-19-26.pdf,,,,,,Blank lifecycle/certification fields must be resolved from the current BIS Know Your Standard record before production recommendation.
IS 15298 (Part 1):2024,Personal protective equipment - Part 1 Test methods for footwear,Occupational Safety / PPE,Test Method,BIS,BIS compendium / BIS programme of work / BIS official capsule-course material,BIS-source identified; verify current Know Your Standard record before production,Active/Current candidate,IS 15298 (Part 1):2024 | Personal protective equipment - Part 1 Test methods for footwear | Occupational Safety / PPE | Test Method,BIS Compendium of Indian Standards on Protective Textiles / PPE,https://www.services.bis.gov.in/tmp/compendium_2025-05-28-03-19-26.pdf,,,,,,Blank lifecycle/certification fields must be resolved from the current BIS Know Your Standard record before production recommendation.
IS 15298 (Part 2):2024,Personal protective equipment - Part 2 Safety footwear,Occupational Safety / PPE,Product Specification,BIS,BIS compendium / BIS programme of work / BIS official capsule-course material,BIS-source identified; verify current Know Your Standard record before production,Active/Current candidate,IS 15298 (Part 2):2024 | Personal protective equipment - Part 2 Safety footwear | Occupational Safety / PPE | Product Specification,BIS Compendium of Indian Standards on Protective Textiles / PPE,https://www.services.bis.gov.in/tmp/compendium_2025-05-28-03-19-26.pdf,,,,,,Blank lifecycle/certification fields must be resolved from the current BIS Know Your Standard record before production recommendation.
IS 4151:2015,Protective helmets for motorcycle riders,Occupational Safety / PPE,Product Specification,BIS,BIS compendium / BIS programme of work / BIS official capsule-course material,BIS-source identified; verify current Know Your Standard record before production,Active/Current candidate,IS 4151:2015 | Protective helmets for motorcycle riders | Occupational Safety / PPE | Product Specification,BIS Compendium of Indian Standards on Protective Textiles / PPE,https://www.services.bis.gov.in/tmp/compendium_2025-05-28-03-19-26.pdf,,,,,,Blank lifecycle/certification fields must be resolved from the current BIS Know Your Standard record before production recommendation.
IS 2925:1984,Specification for Industrial Safety Helmets,Occupational Safety / PPE,Product Specification,BIS,BIS compendium / BIS programme of work / BIS official capsule-course material,BIS-source identified; verify current Know Your Standard record before production,Active/Current candidate,IS 2925:1984 | Specification for Industrial Safety Helmets | Occupational Safety / PPE | Product Specification,BIS Compendium of Indian Standards on Protective Textiles / PPE,https://www.services.bis.gov.in/tmp/compendium_2025-05-28-03-19-26.pdf,,,,,,Blank lifecycle/certification fields must be resolved from the current BIS Know Your Standard record before production recommendation.
IS 1165:2022,Whole milk powder - Specification,Food / Dairy,Product Specification,BIS,BIS compendium / BIS programme of work / BIS official capsule-course material,BIS-source identified; verify current Know Your Standard record before production,Active/Current candidate,IS 1165:2022 | Whole milk powder - Specification | Food / Dairy | Product Specification,BIS official standards catalogue / programme of work / capsule-course material,https://standards.bis.gov.in/,,,,,,Blank lifecycle/certification fields must be resolved from the current BIS Know Your Standard record before production recommendation.
IS 13334 (Part 1):2014,Skimmed milk powder - Specification Part 1 Standard grade,Food / Dairy,Product Specification,BIS,BIS compendium / BIS programme of work / BIS official capsule-course material,BIS-source identified; verify current Know Your Standard record before production,Active/Current candidate,IS 13334 (Part 1):2014 | Skimmed milk powder - Specification Part 1 Standard grade | Food / Dairy | Product Specification,BIS official standards catalogue / programme of work / capsule-course material,https://standards.bis.gov.in/,,,,,,Blank lifecycle/certification fields must be resolved from the current BIS Know Your Standard record before production recommendation.
IS 13334 (Part 2):2014,Skimmed milk powder - Specification Part 2 Extra grade,Food / Dairy,Product Specification,BIS,BIS compendium / BIS programme of work / BIS official capsule-course material,BIS-source identified; verify current Know Your Standard record before production,Active/Current candidate,IS 13334 (Part 2):2014 | Skimmed milk powder - Specification Part 2 Extra grade | Food / Dairy | Product Specification,BIS official standards catalogue / programme of work / capsule-course material,https://standards.bis.gov.in/,,,,,,Blank lifecycle/certification fields must be resolved from the current BIS Know Your Standard record before production recommendation.
IS 14542:1998,Partly skimmed milk powder - Specification,Food / Dairy,Product Specification,BIS,BIS compendium / BIS programme of work / BIS official capsule-course material,BIS-source identified; verify current Know Your Standard record before production,Active/Current candidate,IS 14542:1998 | Partly skimmed milk powder - Specification | Food / Dairy | Product Specification,BIS official standards catalogue / programme of work / capsule-course material,https://standards.bis.gov.in/,,,,,,Blank lifecycle/certification fields must be resolved from the current BIS Know Your Standard record before production recommendation.
IS 17423:2020,Medical Textiles - Coveralls for COVID-19 - Specification,Medical Textiles,Product Specification,BIS,BIS compendium / BIS programme of work / BIS official capsule-course material,BIS-source identified; verify current Know Your Standard record before production,Active/Current candidate,IS 17423:2020 | Medical Textiles - Coveralls for COVID-19 - Specification | Medical Textiles | Product Specification,BIS official standards catalogue / programme of work / capsule-course material,https://standards.bis.gov.in/,,,,,,Blank lifecycle/certification fields must be resolved from the current BIS Know Your Standard record before production recommendation.
IS 17423:2021,Medical Textiles - Bio-Protective Coveralls - Specification,Medical Textiles,Product Specification,BIS,BIS compendium / BIS programme of work / BIS official capsule-course material,BIS-source identified; verify current Know Your Standard record before production,Active/Current candidate,IS 17423:2021 | Medical Textiles - Bio-Protective Coveralls - Specification | Medical Textiles | Product Specification,BIS official standards catalogue / programme of work / capsule-course material,https://standards.bis.gov.in/,,,,,,Blank lifecycle/certification fields must be resolved from the current BIS Know Your Standard record before production recommendation.
IS 4984,Polyethylene pipes for water supply - Specification,Plastics / Pipes,Product Specification,BIS,BIS compendium / BIS programme of work / BIS official capsule-course material,BIS-source identified; verify current Know Your Standard record before production,Active/Current candidate,IS 4984 | Polyethylene pipes for water supply - Specification | Plastics / Pipes | Product Specification,BIS official standards catalogue / programme of work / capsule-course material,https://standards.bis.gov.in/,,,,,,Blank lifecycle/certification fields must be resolved from the current BIS Know Your Standard record before production recommendation.
IS 4985,Unplasticized PVC pipes for potable water supplies - Specification,Plastics / Pipes,Product Specification,BIS,BIS compendium / BIS programme of work / BIS official capsule-course material,BIS-source identified; verify current Know Your Standard record before production,Active/Current candidate,IS 4985 | Unplasticized PVC pipes for potable water supplies - Specification | Plastics / Pipes | Product Specification,BIS official standards catalogue / programme of work / capsule-course material,https://standards.bis.gov.in/,,,,,,Blank lifecycle/certification fields must be resolved from the current BIS Know Your Standard record before production recommendation.
IS 12818,Unplasticized PVC pipes for potable water supplies / related PVC pipe specification,Plastics / Pipes,Product Specification,BIS,BIS compendium / BIS programme of work / BIS official capsule-course material,BIS-source identified; verify current Know Your Standard record before production,Active/Current candidate,IS 12818 | Unplasticized PVC pipes for potable water supplies / related PVC pipe specification | Plastics / Pipes | Product Specification,BIS official standards catalogue / programme of work / capsule-course material,https://standards.bis.gov.in/,,,,,,Blank lifecycle/certification fields must be resolved from the current BIS Know Your Standard record before production recommendation.
IS 14333,High density polyethylene pipes for sewerage - Specification,Plastics / Pipes,Product Specification,BIS,BIS compendium / BIS programme of work / BIS official capsule-course material,BIS-source identified; verify current Know Your Standard record before production,Active/Current candidate,IS 14333 | High density polyethylene pipes for sewerage - Specification | Plastics / Pipes | Product Specification,BIS official standards catalogue / programme of work / capsule-course material,https://standards.bis.gov.in/,,,,,,Blank lifecycle/certification fields must be resolved from the current BIS Know Your Standard record before production recommendation.
IS 14735,PVC related product standard,Plastics / PVC,Product Specification,BIS,BIS compendium / BIS programme of work / BIS official capsule-course material,BIS-source identified; verify current Know Your Standard record before production,Active/Current candidate,IS 14735 | PVC related product standard | Plastics / PVC | Product Specification,BIS official standards catalogue / programme of work / capsule-course material,https://standards.bis.gov.in/,,,,,,Blank lifecycle/certification fields must be resolved from the current BIS Know Your Standard record before production recommendation.
IS 7834,PVC related product standard,Plastics / PVC,Product Specification,BIS,BIS compendium / BIS programme of work / BIS official capsule-course material,BIS-source identified; verify current Know Your Standard record before production,Active/Current candidate,IS 7834 | PVC related product standard | Plastics / PVC | Product Specification,BIS official standards catalogue / programme of work / capsule-course material,https://standards.bis.gov.in/,,,,,,Blank lifecycle/certification fields must be resolved from the current BIS Know Your Standard record before production recommendation.
IS 15778,Chlorinated polyvinyl chloride pipes for potable hot and cold water installations - Specification,Plastics / Pipes,Product Specification,BIS,BIS compendium / BIS programme of work / BIS official capsule-course material,BIS-source identified; verify current Know Your Standard record before production,Active/Current candidate,IS 15778 | Chlorinated polyvinyl chloride pipes for potable hot and cold water installations - Specification | Plastics / Pipes | Product Specification,BIS official standards catalogue / programme of work / capsule-course material,https://standards.bis.gov.in/,,,,,,Blank lifecycle/certification fields must be resolved from the current BIS Know Your Standard record before production recommendation.
IS 13592:2013,Unplasticized PVC pipes for soil and waste discharge system inside and outside buildings including ventilation and rain water system,Plastics / Pipes,Product Specification,BIS,BIS compendium / BIS programme of work / BIS official capsule-course material,BIS-source identified; verify current Know Your Standard record before production,Active/Current candidate,IS 13592:2013 | Unplasticized PVC pipes for soil and waste discharge system inside and outside buildings including ventilation and rain water system | Plastics / Pipes | Product Specification,BIS official standards catalogue / programme of work / capsule-course material,https://standards.bis.gov.in/,,,,,,Blank lifecycle/certification fields must be resolved from the current BIS Know Your Standard record before production recommendation.
IS 17425,PVC/HDPE pipe related product standard,Plastics / Pipes,Product Specification,BIS,BIS compendium / BIS programme of work / BIS official capsule-course material,BIS-source identified; verify current Know Your Standard record before production,Active/Current candidate,IS 17425 | PVC/HDPE pipe related product standard | Plastics / Pipes | Product Specification,BIS official standards catalogue / programme of work / capsule-course material,https://standards.bis.gov.in/,,,,,,Blank lifecycle/certification fields must be resolved from the current BIS Know Your Standard record before production recommendation.
IS 303,Plywood for general purposes - Specification,Building Materials / Wood,Product Specification,BIS,BIS compendium / BIS programme of work / BIS official capsule-course material,BIS-source identified; verify current Know Your Standard record before production,Active/Current candidate,IS 303 | Plywood for general purposes - Specification | Building Materials / Wood | Product Specification,BIS official standards catalogue / programme of work / capsule-course material,https://standards.bis.gov.in/,,,,,,Blank lifecycle/certification fields must be resolved from the current BIS Know Your Standard record before production recommendation.
IS 710,Marine plywood - Specification,Building Materials / Wood,Product Specification,BIS,BIS compendium / BIS programme of work / BIS official capsule-course material,BIS-source identified; verify current Know Your Standard record before production,Active/Current candidate,IS 710 | Marine plywood - Specification | Building Materials / Wood | Product Specification,BIS official standards catalogue / programme of work / capsule-course material,https://standards.bis.gov.in/,,,,,,Blank lifecycle/certification fields must be resolved from the current BIS Know Your Standard record before production recommendation.
IS 1659,Block boards - Specification,Building Materials / Wood,Product Specification,BIS,BIS compendium / BIS programme of work / BIS official capsule-course material,BIS-source identified; verify current Know Your Standard record before production,Active/Current candidate,IS 1659 | Block boards - Specification | Building Materials / Wood | Product Specification,BIS official standards catalogue / programme of work / capsule-course material,https://standards.bis.gov.in/,,,,,,Blank lifecycle/certification fields must be resolved from the current BIS Know Your Standard record before production recommendation.
IS 2202,Wooden flush door shutters - Specification,Building Materials / Wood,Product Specification,BIS,BIS compendium / BIS programme of work / BIS official capsule-course material,BIS-source identified; verify current Know Your Standard record before production,Active/Current candidate,IS 2202 | Wooden flush door shutters - Specification | Building Materials / Wood | Product Specification,BIS official standards catalogue / programme of work / capsule-course material,https://standards.bis.gov.in/,,,,,,Blank lifecycle/certification fields must be resolved from the current BIS Know Your Standard record before production recommendation.
IS 4990,Plywood for concrete shuttering work - Specification,Building Materials / Wood,Product Specification,BIS,BIS compendium / BIS programme of work / BIS official capsule-course material,BIS-source identified; verify current Know Your Standard record before production,Active/Current candidate,IS 4990 | Plywood for concrete shuttering work - Specification | Building Materials / Wood | Product Specification,BIS official standards catalogue / programme of work / capsule-course material,https://standards.bis.gov.in/,,,,,,Blank lifecycle/certification fields must be resolved from the current BIS Know Your Standard record before production recommendation.
IS 14587,Wood related product standard,Building Materials / Wood,Product Specification,BIS,BIS compendium / BIS programme of work / BIS official capsule-course material,BIS-source identified; verify current Know Your Standard record before production,Active/Current candidate,IS 14587 | Wood related product standard | Building Materials / Wood | Product Specification,BIS official standards catalogue / programme of work / capsule-course material,https://standards.bis.gov.in/,,,,,,Blank lifecycle/certification fields must be resolved from the current BIS Know Your Standard record before production recommendation.
IS 4246,Domestic gas stoves for use with liquefied petroleum gases,Domestic Appliances / Gas,Product Specification,BIS,BIS compendium / BIS programme of work / BIS official capsule-course material,BIS-source identified; verify current Know Your Standard record before production,Active/Current candidate,IS 4246 | Domestic gas stoves for use with liquefied petroleum gases | Domestic Appliances / Gas | Product Specification,BIS official standards catalogue / programme of work / capsule-course material,https://standards.bis.gov.in/,,,,,,Blank lifecycle/certification fields must be resolved from the current BIS Know Your Standard record before production recommendation.
IS 9873,Safety of Toys,Consumer Products / Toys,Safety Standard,BIS,BIS compendium / BIS programme of work / BIS official capsule-course material,BIS-source identified; verify current Know Your Standard record before production,Active/Current candidate,IS 9873 | Safety of Toys | Consumer Products / Toys | Safety Standard,BIS official standards catalogue / programme of work / capsule-course material,https://standards.bis.gov.in/,,,,,,Blank lifecycle/certification fields must be resolved from the current BIS Know Your Standard record before production recommendation.
IS 15644,Safety of toys / related toy safety requirements,Consumer Products / Toys,Safety Standard,BIS,BIS compendium / BIS programme of work / BIS official capsule-course material,BIS-source identified; verify current Know Your Standard record before production,Active/Current candidate,IS 15644 | Safety of toys / related toy safety requirements | Consumer Products / Toys | Safety Standard,BIS official standards catalogue / programme of work / capsule-course material,https://standards.bis.gov.in/,,,,,,Blank lifecycle/certification fields must be resolved from the current BIS Know Your Standard record before production recommendation.
IS 15844 (Part 1),Sports shoes - requirements,Footwear,Product Specification,BIS,BIS compendium / BIS programme of work / BIS official capsule-course material,BIS-source identified; verify current Know Your Standard record before production,Active/Current candidate,IS 15844 (Part 1) | Sports shoes - requirements | Footwear | Product Specification,BIS official standards catalogue / programme of work / capsule-course material,https://standards.bis.gov.in/,,,,,,Blank lifecycle/certification fields must be resolved from the current BIS Know Your Standard record before production recommendation.
IS 15844 (Part 2),Footwear - related requirements,Footwear,Product Specification,BIS,BIS compendium / BIS programme of work / BIS official capsule-course material,BIS-source identified; verify current Know Your Standard record before production,Active/Current candidate,IS 15844 (Part 2) | Footwear - related requirements | Footwear | Product Specification,BIS official standards catalogue / programme of work / capsule-course material,https://standards.bis.gov.in/,,,,,,Blank lifecycle/certification fields must be resolved from the current BIS Know Your Standard record before production recommendation.
IS 15844 (Part 3),Footwear - related requirements,Footwear,Product Specification,BIS,BIS compendium / BIS programme of work / BIS official capsule-course material,BIS-source identified; verify current Know Your Standard record before production,Active/Current candidate,IS 15844 (Part 3) | Footwear - related requirements | Footwear | Product Specification,BIS official standards catalogue / programme of work / capsule-course material,https://standards.bis.gov.in/,,,,,,Blank lifecycle/certification fields must be resolved from the current BIS Know Your Standard record before production recommendation.
IS 6721:2023,"Footwear - shoes, sandals and slippers related requirements",Footwear,Product Specification,BIS,BIS compendium / BIS programme of work / BIS official capsule-course material,BIS-source identified; verify current Know Your Standard record before production,Active/Current candidate,"IS 6721:2023 | Footwear - shoes, sandals and slippers related requirements | Footwear | Product Specification",BIS official standards catalogue / programme of work / capsule-course material,https://standards.bis.gov.in/,,,,,,Blank lifecycle/certification fields must be resolved from the current BIS Know Your Standard record before production recommendation.
IS 10748,Footwear related product standard,Footwear,Product Specification,BIS,BIS compendium / BIS programme of work / BIS official capsule-course material,BIS-source identified; verify current Know Your Standard record before production,Active/Current candidate,IS 10748 | Footwear related product standard | Footwear | Product Specification,BIS official standards catalogue / programme of work / capsule-course material,https://standards.bis.gov.in/,,,,,,Blank lifecycle/certification fields must be resolved from the current BIS Know Your Standard record before production recommendation.
IS 17043,Shoes for general purposes,Footwear,Product Specification,BIS,BIS compendium / BIS programme of work / BIS official capsule-course material,BIS-source identified; verify current Know Your Standard record before production,Active/Current candidate,IS 17043 | Shoes for general purposes | Footwear | Product Specification,BIS official standards catalogue / programme of work / capsule-course material,https://standards.bis.gov.in/,,,,,,Blank lifecycle/certification fields must be resolved from the current BIS Know Your Standard record before production recommendation.
IS 1660,Wrought and cast aluminium utensils,Household Products,Product Specification,BIS,BIS compendium / BIS programme of work / BIS official capsule-course material,BIS-source identified; verify current Know Your Standard record before production,Active/Current candidate,IS 1660 | Wrought and cast aluminium utensils | Household Products | Product Specification,BIS official standards catalogue / programme of work / capsule-course material,https://standards.bis.gov.in/,,,,,,Blank lifecycle/certification fields must be resolved from the current BIS Know Your Standard record before production recommendation.
IS 14756,Stainless steel utensils,Household Products,Product Specification,BIS,BIS compendium / BIS programme of work / BIS official capsule-course material,BIS-source identified; verify current Know Your Standard record before production,Active/Current candidate,IS 14756 | Stainless steel utensils | Household Products | Product Specification,BIS official standards catalogue / programme of work / capsule-course material,https://standards.bis.gov.in/,,,,,,Blank lifecycle/certification fields must be resolved from the current BIS Know Your Standard record before production recommendation.
IS 17659,Insulated stainless steel bottles/flasks,Household Products,Product Specification,BIS,BIS compendium / BIS programme of work / BIS official capsule-course material,BIS-source identified; verify current Know Your Standard record before production,Active/Current candidate,IS 17659 | Insulated stainless steel bottles/flasks | Household Products | Product Specification,BIS official standards catalogue / programme of work / capsule-course material,https://standards.bis.gov.in/,,,,,,Blank lifecycle/certification fields must be resolved from the current BIS Know Your Standard record before production recommendation.
IS 17803,Insulated stainless steel bottles/flasks,Household Products,Product Specification,BIS,BIS compendium / BIS programme of work / BIS official capsule-course material,BIS-source identified; verify current Know Your Standard record before production,Active/Current candidate,IS 17803 | Insulated stainless steel bottles/flasks | Household Products | Product Specification,BIS official standards catalogue / programme of work / capsule-course material,https://standards.bis.gov.in/,,,,,,Blank lifecycle/certification fields must be resolved from the current BIS Know Your Standard record before production recommendation.
IS 17526,Insulated stainless steel bottles/flasks,Household Products,Product Specification,BIS,BIS compendium / BIS programme of work / BIS official capsule-course material,BIS-source identified; verify current Know Your Standard record before production,Active/Current candidate,IS 17526 | Insulated stainless steel bottles/flasks | Household Products | Product Specification,BIS official standards catalogue / programme of work / capsule-course material,https://standards.bis.gov.in/,,,,,,Blank lifecycle/certification fields must be resolved from the current BIS Know Your Standard record before production recommendation.
IS/IEC 60034-1:2022,Rotating electrical machines - Part 1 Rating and performance,Electrical / Motors,Product/Performance Standard,BIS,BIS official compendium / programme of work,BIS-source identified; verify current Know Your Standard record before production,Active/Current candidate,IS/IEC 60034-1:2022 | Rotating electrical machines - Part 1 Rating and performance | Electrical / Motors | Product/Performance Standard,BIS Compendium of Indian Standards on Rotating Electrical Machines,https://www.services.bis.gov.in/tmp/compendium_2025-06-02-05-07-45.pdf,,,,,,Blank lifecycle/certification fields must be resolved from the current BIS Know Your Standard record before production recommendation.
IS 12615:2018,Rotating electrical machines - efficiency related requirements,Electrical / Motors,Performance Standard,BIS,BIS official compendium / programme of work,BIS-source identified; verify current Know Your Standard record before production,Active/Current candidate,IS 12615:2018 | Rotating electrical machines - efficiency related requirements | Electrical / Motors | Performance Standard,BIS Compendium of Indian Standards on Rotating Electrical Machines,https://www.services.bis.gov.in/tmp/compendium_2025-06-02-05-07-45.pdf,,,,,,Blank lifecycle/certification fields must be resolved from the current BIS Know Your Standard record before production recommendation.
IS 996:2009,Electric motors - related product standard,Electrical / Motors,Product Standard,BIS,BIS official compendium / programme of work,BIS-source identified; verify current Know Your Standard record before production,Active/Current candidate,IS 996:2009 | Electric motors - related product standard | Electrical / Motors | Product Standard,BIS Compendium of Indian Standards on Rotating Electrical Machines,https://www.services.bis.gov.in/tmp/compendium_2025-06-02-05-07-45.pdf,,,,,,Blank lifecycle/certification fields must be resolved from the current BIS Know Your Standard record before production recommendation.
IS 4665 (Part 1):2023,Hand-held motor-operated electric tools - Part 1 General requirements,Electrical Tools,Safety Standard,BIS,BIS official compendium / programme of work,BIS-source identified; verify current Know Your Standard record before production,Active/Current candidate,IS 4665 (Part 1):2023 | Hand-held motor-operated electric tools - Part 1 General requirements | Electrical Tools | Safety Standard,BIS Compendium of Indian Standards on Rotating Electrical Machines,https://www.services.bis.gov.in/tmp/compendium_2025-06-02-05-07-45.pdf,,,,,,Blank lifecycle/certification fields must be resolved from the current BIS Know Your Standard record before production recommendation.
IS 4665 (Part 2/Sec 1):2023,Hand-held motor-operated electric tools - Particular requirements for drills,Electrical Tools,Safety Standard,BIS,BIS official compendium / programme of work,BIS-source identified; verify current Know Your Standard record before production,Active/Current candidate,IS 4665 (Part 2/Sec 1):2023 | Hand-held motor-operated electric tools - Particular requirements for drills | Electrical Tools | Safety Standard,BIS Compendium of Indian Standards on Rotating Electrical Machines,https://www.services.bis.gov.in/tmp/compendium_2025-06-02-05-07-45.pdf,,,,,,Blank lifecycle/certification fields must be resolved from the current BIS Know Your Standard record before production recommendation.
IS 4665 (Part 2/Sec 2):2023,Hand-held motor-operated electric tools - Particular requirements for screwdrivers and impact wrenches,Electrical Tools,Safety Standard,BIS,BIS official compendium / programme of work,BIS-source identified; verify current Know Your Standard record before production,Active/Current candidate,IS 4665 (Part 2/Sec 2):2023 | Hand-held motor-operated electric tools - Particular requirements for screwdrivers and impact wrenches | Electrical Tools | Safety Standard,BIS Compendium of Indian Standards on Rotating Electrical Machines,https://www.services.bis.gov.in/tmp/compendium_2025-06-02-05-07-45.pdf,,,,,,Blank lifecycle/certification fields must be resolved from the current BIS Know Your Standard record before production recommendation.
IS 4665 (Part 2/Sec 3):2023,Hand-held motor-operated electric tools - Particular requirements for grinders,Electrical Tools,Safety Standard,BIS,BIS official compendium / programme of work,BIS-source identified; verify current Know Your Standard record before production,Active/Current candidate,IS 4665 (Part 2/Sec 3):2023 | Hand-held motor-operated electric tools - Particular requirements for grinders | Electrical Tools | Safety Standard,BIS Compendium of Indian Standards on Rotating Electrical Machines,https://www.services.bis.gov.in/tmp/compendium_2025-06-02-05-07-45.pdf,,,,,,Blank lifecycle/certification fields must be resolved from the current BIS Know Your Standard record before production recommendation.
IS 4665 (Part 2/Sec 5):2023,Hand-held motor-operated electric tools - Particular requirements for circular saws,Electrical Tools,Safety Standard,BIS,BIS official compendium / programme of work,BIS-source identified; verify current Know Your Standard record before production,Active/Current candidate,IS 4665 (Part 2/Sec 5):2023 | Hand-held motor-operated electric tools - Particular requirements for circular saws | Electrical Tools | Safety Standard,BIS Compendium of Indian Standards on Rotating Electrical Machines,https://www.services.bis.gov.in/tmp/compendium_2025-06-02-05-07-45.pdf,,,,,,Blank lifecycle/certification fields must be resolved from the current BIS Know Your Standard record before production recommendation.
IS 4665 (Part 2/Sec 6):2023,Hand-held motor-operated electric tools - Particular requirements for hammers,Electrical Tools,Safety Standard,BIS,BIS official compendium / programme of work,BIS-source identified; verify current Know Your Standard record before production,Active/Current candidate,IS 4665 (Part 2/Sec 6):2023 | Hand-held motor-operated electric tools - Particular requirements for hammers | Electrical Tools | Safety Standard,BIS Compendium of Indian Standards on Rotating Electrical Machines,https://www.services.bis.gov.in/tmp/compendium_2025-06-02-05-07-45.pdf,,,,,,Blank lifecycle/certification fields must be resolved from the current BIS Know Your Standard record before production recommendation.
IS 4665 (Part 2/Sec 7):2023,Hand-held motor-operated electric tools - Particular requirements for nibblers and shears,Electrical Tools,Safety Standard,BIS,BIS official compendium / programme of work,BIS-source identified; verify current Know Your Standard record before production,Active/Current candidate,IS 4665 (Part 2/Sec 7):2023 | Hand-held motor-operated electric tools - Particular requirements for nibblers and shears | Electrical Tools | Safety Standard,BIS Compendium of Indian Standards on Rotating Electrical Machines,https://www.services.bis.gov.in/tmp/compendium_2025-06-02-05-07-45.pdf,,,,,,Blank lifecycle/certification fields must be resolved from the current BIS Know Your Standard record before production recommendation.
IS 9283:2024,Motors for agricultural applications,Electrical / Agricultural Motors,Product Standard,BIS,BIS official compendium / programme of work,BIS-source identified; verify current Know Your Standard record before production,Active/Current candidate,IS 9283:2024 | Motors for agricultural applications | Electrical / Agricultural Motors | Product Standard,BIS Compendium of Indian Standards on Rotating Electrical Machines,https://www.services.bis.gov.in/tmp/compendium_2025-06-02-05-07-45.pdf,,,,,,Blank lifecycle/certification fields must be resolved from the current BIS Know Your Standard record before production recommendation.
IS 7538:1996,Agricultural motors - related standard,Electrical / Agricultural Motors,Product Standard,BIS,BIS official compendium / programme of work,BIS-source identified; verify current Know Your Standard record before production,Active/Current candidate,IS 7538:1996 | Agricultural motors - related standard | Electrical / Agricultural Motors | Product Standard,BIS Compendium of Indian Standards on Rotating Electrical Machines,https://www.services.bis.gov.in/tmp/compendium_2025-06-02-05-07-45.pdf,,,,,,Blank lifecycle/certification fields must be resolved from the current BIS Know Your Standard record before production recommendation.
IS 14582:2021,Agricultural motors - related standard,Electrical / Agricultural Motors,Product Standard,BIS,BIS official compendium / programme of work,BIS-source identified; verify current Know Your Standard record before production,Active/Current candidate,IS 14582:2021 | Agricultural motors - related standard | Electrical / Agricultural Motors | Product Standard,BIS Compendium of Indian Standards on Rotating Electrical Machines,https://www.services.bis.gov.in/tmp/compendium_2025-06-02-05-07-45.pdf,,,,,,Blank lifecycle/certification fields must be resolved from the current BIS Know Your Standard record before production recommendation.
IS 14578:1999,Specific application electric motors,Electrical / Motors,Product Standard,BIS,BIS official compendium / programme of work,BIS-source identified; verify current Know Your Standard record before production,Active/Current candidate,IS 14578:1999 | Specific application electric motors | Electrical / Motors | Product Standard,BIS Compendium of Indian Standards on Rotating Electrical Machines,https://www.services.bis.gov.in/tmp/compendium_2025-06-02-05-07-45.pdf,,,,,,Blank lifecycle/certification fields must be resolved from the current BIS Know Your Standard record before production recommendation.
IS 8151:2024,Specific application electric motors,Electrical / Motors,Product Standard,BIS,BIS official compendium / programme of work,BIS-source identified; verify current Know Your Standard record before production,Active/Current candidate,IS 8151:2024 | Specific application electric motors | Electrical / Motors | Product Standard,BIS Compendium of Indian Standards on Rotating Electrical Machines,https://www.services.bis.gov.in/tmp/compendium_2025-06-02-05-07-45.pdf,,,,,,Blank lifecycle/certification fields must be resolved from the current BIS Know Your Standard record before production recommendation.
IS 18073:2023,Specific application electric motors,Electrical / Motors,Product Standard,BIS,BIS official compendium / programme of work,BIS-source identified; verify current Know Your Standard record before production,Active/Current candidate,IS 18073:2023 | Specific application electric motors | Electrical / Motors | Product Standard,BIS Compendium of Indian Standards on Rotating Electrical Machines,https://www.services.bis.gov.in/tmp/compendium_2025-06-02-05-07-45.pdf,,,,,,Blank lifecycle/certification fields must be resolved from the current BIS Know Your Standard record before production recommendation.
IS 12642:1989,Electrical carbon brushes - specification,Electrical / Motors,Product Specification,BIS,BIS official compendium / programme of work,BIS-source identified; verify current Know Your Standard record before production,Active/Current candidate,IS 12642:1989 | Electrical carbon brushes - specification | Electrical / Motors | Product Specification,BIS Compendium of Indian Standards on Rotating Electrical Machines,https://www.services.bis.gov.in/tmp/compendium_2025-06-02-05-07-45.pdf,,,,,,Blank lifecycle/certification fields must be resolved from the current BIS Know Your Standard record before production recommendation.
IS 13466:1992,Electrical brushes - related standard,Electrical / Motors,Product Standard,BIS,BIS official compendium / programme of work,BIS-source identified; verify current Know Your Standard record before production,Active/Current candidate,IS 13466:1992 | Electrical brushes - related standard | Electrical / Motors | Product Standard,BIS Compendium of Indian Standards on Rotating Electrical Machines,https://www.services.bis.gov.in/tmp/compendium_2025-06-02-05-07-45.pdf,,,,,,Blank lifecycle/certification fields must be resolved from the current BIS Know Your Standard record before production recommendation.
IS 13525:1992,Electrical brushes - related standard,Electrical / Motors,Product Standard,BIS,BIS official compendium / programme of work,BIS-source identified; verify current Know Your Standard record before production,Active/Current candidate,IS 13525:1992 | Electrical brushes - related standard | Electrical / Motors | Product Standard,BIS Compendium of Indian Standards on Rotating Electrical Machines,https://www.services.bis.gov.in/tmp/compendium_2025-06-02-05-07-45.pdf,,,,,,Blank lifecycle/certification fields must be resolved from the current BIS Know Your Standard record before production recommendation.
IS/IEC 60034-2-1:2024,Rotating electrical machines - Part 2-1 Standard methods for determining losses and efficiency,Electrical / Motors,Test Method,BIS,BIS official compendium / programme of work,BIS-source identified; verify current Know Your Standard record before production,Active/Current candidate,IS/IEC 60034-2-1:2024 | Rotating electrical machines - Part 2-1 Standard methods for determining losses and efficiency | Electrical / Motors | Test Method,BIS Compendium of Indian Standards on Rotating Electrical Machines,https://www.services.bis.gov.in/tmp/compendium_2025-06-02-05-07-45.pdf,,,,,,Blank lifecycle/certification fields must be resolved from the current BIS Know Your Standard record before production recommendation.
IS 4029:2010,Rotating electrical machines - test related standard,Electrical / Motors,Test Method,BIS,BIS official compendium / programme of work,BIS-source identified; verify current Know Your Standard record before production,Active/Current candidate,IS 4029:2010 | Rotating electrical machines - test related standard | Electrical / Motors | Test Method,BIS Compendium of Indian Standards on Rotating Electrical Machines,https://www.services.bis.gov.in/tmp/compendium_2025-06-02-05-07-45.pdf,,,,,,Blank lifecycle/certification fields must be resolved from the current BIS Know Your Standard record before production recommendation.
IS 9320:2025,Electric motors - test related standard,Electrical / Motors,Test Method,BIS,BIS official compendium / programme of work,BIS-source identified; verify current Know Your Standard record before production,Active/Current candidate,IS 9320:2025 | Electric motors - test related standard | Electrical / Motors | Test Method,BIS Compendium of Indian Standards on Rotating Electrical Machines,https://www.services.bis.gov.in/tmp/compendium_2025-06-02-05-07-45.pdf,,,,,,Blank lifecycle/certification fields must be resolved from the current BIS Know Your Standard record before production recommendation.
IS 7572:1974,Electric motors - test related standard,Electrical / Motors,Test Method,BIS,BIS official compendium / programme of work,BIS-source identified; verify current Know Your Standard record before production,Active/Current candidate,IS 7572:1974 | Electric motors - test related standard | Electrical / Motors | Test Method,BIS Compendium of Indian Standards on Rotating Electrical Machines,https://www.services.bis.gov.in/tmp/compendium_2025-06-02-05-07-45.pdf,,,,,,Blank lifecycle/certification fields must be resolved from the current BIS Know Your Standard record before production recommendation.
IS 12075:2024,Rotating electrical machines - mechanical vibration related test methods,Electrical / Motors,Test Method,BIS,BIS official compendium / programme of work,BIS-source identified; verify current Know Your Standard record before production,Active/Current candidate,IS 12075:2024 | Rotating electrical machines - mechanical vibration related test methods | Electrical / Motors | Test Method,BIS Compendium of Indian Standards on Rotating Electrical Machines,https://www.services.bis.gov.in/tmp/compendium_2025-06-02-05-07-45.pdf,,,,,,Blank lifecycle/certification fields must be resolved from the current BIS Know Your Standard record before production recommendation.
IS 10138:2010,Macroscopic methods for determination of non-metallic inclusion content in wrought steels,Metallurgy / Testing,Test Method,BIS,BIS official compendium / programme of work,BIS-source identified; verify current Know Your Standard record before production,Active/Current candidate,IS 10138:2010 | Macroscopic methods for determination of non-metallic inclusion content in wrought steels | Metallurgy / Testing | Test Method,BIS Metallography / Metallurgical Engineering standards material,https://www.services.bis.gov.in/tmp/compendium_2025-06-05-11-59-24.pdf,,,,,,Blank lifecycle/certification fields must be resolved from the current BIS Know Your Standard record before production recommendation.
IS 11371:2022,"Method for Macroetch Testing, Inspection and Rating of Wrought Steel Products",Metallurgy / Testing,Test Method,BIS,BIS official compendium / programme of work,BIS-source identified; verify current Know Your Standard record before production,Active/Current candidate,"IS 11371:2022 | Method for Macroetch Testing, Inspection and Rating of Wrought Steel Products | Metallurgy / Testing | Test Method",BIS Metallography / Metallurgical Engineering standards material,https://www.services.bis.gov.in/tmp/compendium_2025-06-05-11-59-24.pdf,,,,,,Blank lifecycle/certification fields must be resolved from the current BIS Know Your Standard record before production recommendation.
IS 12037:2023,Steel - Macrographic examination by sulphur print (Baumann method),Metallurgy / Testing,Test Method,BIS,BIS official compendium / programme of work,BIS-source identified; verify current Know Your Standard record before production,Active/Current candidate,IS 12037:2023 | Steel - Macrographic examination by sulphur print (Baumann method) | Metallurgy / Testing | Test Method,BIS Metallography / Metallurgical Engineering standards material,https://www.services.bis.gov.in/tmp/compendium_2025-06-05-11-59-24.pdf,,,,,,Blank lifecycle/certification fields must be resolved from the current BIS Know Your Standard record before production recommendation.
IS 12211:2024,Tool Steels and Bearing Steels - Micrographic Method for Assessing the Distribution of Carbides,Metallurgy / Testing,Test Method,BIS,BIS official compendium / programme of work,BIS-source identified; verify current Know Your Standard record before production,Active/Current candidate,IS 12211:2024 | Tool Steels and Bearing Steels - Micrographic Method for Assessing the Distribution of Carbides | Metallurgy / Testing | Test Method,BIS Metallography / Metallurgical Engineering standards material,https://www.services.bis.gov.in/tmp/compendium_2025-06-05-11-59-24.pdf,,,,,,Blank lifecycle/certification fields must be resolved from the current BIS Know Your Standard record before production recommendation.
IS 12378:1988,Method for macroetch test for titanium alloys,Metallurgy / Testing,Test Method,BIS,BIS official compendium / programme of work,BIS-source identified; verify current Know Your Standard record before production,Active/Current candidate,IS 12378:1988 | Method for macroetch test for titanium alloys | Metallurgy / Testing | Test Method,BIS Metallography / Metallurgical Engineering standards material,https://www.services.bis.gov.in/tmp/compendium_2025-06-05-11-59-24.pdf,,,,,,Blank lifecycle/certification fields must be resolved from the current BIS Know Your Standard record before production recommendation.
IS 12573:2010,Method for macroetch test for wrought aluminium and aluminium alloy products,Metallurgy / Testing,Test Method,BIS,BIS official compendium / programme of work,BIS-source identified; verify current Know Your Standard record before production,Active/Current candidate,IS 12573:2010 | Method for macroetch test for wrought aluminium and aluminium alloy products | Metallurgy / Testing | Test Method,BIS Metallography / Metallurgical Engineering standards material,https://www.services.bis.gov.in/tmp/compendium_2025-06-05-11-59-24.pdf,,,,,,Blank lifecycle/certification fields must be resolved from the current BIS Know Your Standard record before production recommendation.
IS 13484:2024,Method for Macroetch Test for Copper and Copper Alloys,Metallurgy / Testing,Test Method,BIS,BIS official compendium / programme of work,BIS-source identified; verify current Know Your Standard record before production,Active/Current candidate,IS 13484:2024 | Method for Macroetch Test for Copper and Copper Alloys | Metallurgy / Testing | Test Method,BIS Metallography / Metallurgical Engineering standards material,https://www.services.bis.gov.in/tmp/compendium_2025-06-05-11-59-24.pdf,,,,,,Blank lifecycle/certification fields must be resolved from the current BIS Know Your Standard record before production recommendation.
IS 13605:2024,Macroetch Test for Zinc and Zinc Alloys - Method of Test,Metallurgy / Testing,Test Method,BIS,BIS official compendium / programme of work,BIS-source identified; verify current Know Your Standard record before production,Active/Current candidate,IS 13605:2024 | Macroetch Test for Zinc and Zinc Alloys - Method of Test | Metallurgy / Testing | Test Method,BIS Metallography / Metallurgical Engineering standards material,https://www.services.bis.gov.in/tmp/compendium_2025-06-05-11-59-24.pdf,,,,,,Blank lifecycle/certification fields must be resolved from the current BIS Know Your Standard record before production recommendation.
IS 13691:1993,Steel - Determination of total or effective thickness of thin surface-hardened layers,Metallurgy / Testing,Test Method,BIS,BIS official compendium / programme of work,BIS-source identified; verify current Know Your Standard record before production,Active/Current candidate,IS 13691:1993 | Steel - Determination of total or effective thickness of thin surface-hardened layers | Metallurgy / Testing | Test Method,BIS Metallography / Metallurgical Engineering standards material,https://www.services.bis.gov.in/tmp/compendium_2025-06-05-11-59-24.pdf,,,,,,Blank lifecycle/certification fields must be resolved from the current BIS Know Your Standard record before production recommendation.
IS 15426:2004,Steel - Metallographic characterization of duplex grain size and distributions,Metallurgy / Testing,Test Method,BIS,BIS official compendium / programme of work,BIS-source identified; verify current Know Your Standard record before production,Active/Current candidate,IS 15426:2004 | Steel - Metallographic characterization of duplex grain size and distributions | Metallurgy / Testing | Test Method,BIS Metallography / Metallurgical Engineering standards material,https://www.services.bis.gov.in/tmp/compendium_2025-06-05-11-59-24.pdf,,,,,,Blank lifecycle/certification fields must be resolved from the current BIS Know Your Standard record before production recommendation.
IS 15839:2024,Determination of Ferrite Content in Austenitic Stainless Steel Castings,Metallurgy / Testing,Test Method,BIS,BIS official compendium / programme of work,BIS-source identified; verify current Know Your Standard record before production,Active/Current candidate,IS 15839:2024 | Determination of Ferrite Content in Austenitic Stainless Steel Castings | Metallurgy / Testing | Test Method,BIS Metallography / Metallurgical Engineering standards material,https://www.services.bis.gov.in/tmp/compendium_2025-06-05-11-59-24.pdf,,,,,,Blank lifecycle/certification fields must be resolved from the current BIS Know Your Standard record before production recommendation.
IS 17174:2020,Determination of Percentage of Resolvable Pearlite in High Carbon Steel Wire Rod,Metallurgy / Testing,Test Method,BIS,BIS official compendium / programme of work,BIS-source identified; verify current Know Your Standard record before production,Active/Current candidate,IS 17174:2020 | Determination of Percentage of Resolvable Pearlite in High Carbon Steel Wire Rod | Metallurgy / Testing | Test Method,BIS Metallography / Metallurgical Engineering standards material,https://www.services.bis.gov.in/tmp/compendium_2025-06-05-11-59-24.pdf,,,,,,Blank lifecycle/certification fields must be resolved from the current BIS Know Your Standard record before production recommendation.
IS 18715:2024,Steels - Manual Point Counting Method for Statistically Estimating the Volume Fraction of a Constituent with a Point Grid,Metallurgy / Testing,Test Method,BIS,BIS official compendium / programme of work,BIS-source identified; verify current Know Your Standard record before production,Active/Current candidate,IS 18715:2024 | Steels - Manual Point Counting Method for Statistically Estimating the Volume Fraction of a Constituent with a Point Grid | Metallurgy / Testing | Test Method,BIS Metallography / Metallurgical Engineering standards material,https://www.services.bis.gov.in/tmp/compendium_2025-06-05-11-59-24.pdf,,,,,,Blank lifecycle/certification fields must be resolved from the current BIS Know Your Standard record before production recommendation.
IS 18829:2024,Copper and copper alloys - Estimation of average grain size,Metallurgy / Testing,Test Method,BIS,BIS official compendium / programme of work,BIS-source identified; verify current Know Your Standard record before production,Active/Current candidate,IS 18829:2024 | Copper and copper alloys - Estimation of average grain size | Metallurgy / Testing | Test Method,BIS Metallography / Metallurgical Engineering standards material,https://www.services.bis.gov.in/tmp/compendium_2025-06-05-11-59-24.pdf,,,,,,Blank lifecycle/certification fields must be resolved from the current BIS Know Your Standard record before production recommendation.
IS 3848:2024,Steel - Hardenability Test by End Quenching (Jominy Test),Metallurgy / Testing,Test Method,BIS,BIS official compendium / programme of work,BIS-source identified; verify current Know Your Standard record before production,Active/Current candidate,IS 3848:2024 | Steel - Hardenability Test by End Quenching (Jominy Test) | Metallurgy / Testing | Test Method,BIS Metallography / Metallurgical Engineering standards material,https://www.services.bis.gov.in/tmp/compendium_2025-06-05-11-59-24.pdf,,,,,,Blank lifecycle/certification fields must be resolved from the current BIS Know Your Standard record before production recommendation.
IS 4075:2024,Macrostreak Flaw Test for Steel - Method of Test,Metallurgy / Testing,Test Method,BIS,BIS official compendium / programme of work,BIS-source identified; verify current Know Your Standard record before production,Active/Current candidate,IS 4075:2024 | Macrostreak Flaw Test for Steel - Method of Test | Metallurgy / Testing | Test Method,BIS Metallography / Metallurgical Engineering standards material,https://www.services.bis.gov.in/tmp/compendium_2025-06-05-11-59-24.pdf,,,,,,Blank lifecycle/certification fields must be resolved from the current BIS Know Your Standard record before production recommendation.
IS 4163:2021,Steel - Determination of content of non-metallic inclusions - Micrographic method,Metallurgy / Testing,Test Method,BIS,BIS official compendium / programme of work,BIS-source identified; verify current Know Your Standard record before production,Active/Current candidate,IS 4163:2021 | Steel - Determination of content of non-metallic inclusions - Micrographic method | Metallurgy / Testing | Test Method,BIS Metallography / Metallurgical Engineering standards material,https://www.services.bis.gov.in/tmp/compendium_2025-06-05-11-59-24.pdf,,,,,,Blank lifecycle/certification fields must be resolved from the current BIS Know Your Standard record before production recommendation.
IS 4748:2021,Steel - Micrographic determination of the apparent grain size,Metallurgy / Testing,Test Method,BIS,BIS official compendium / programme of work,BIS-source identified; verify current Know Your Standard record before production,Active/Current candidate,IS 4748:2021 | Steel - Micrographic determination of the apparent grain size | Metallurgy / Testing | Test Method,BIS Metallography / Metallurgical Engineering standards material,https://www.services.bis.gov.in/tmp/compendium_2025-06-05-11-59-24.pdf,,,,,,Blank lifecycle/certification fields must be resolved from the current BIS Know Your Standard record before production recommendation.
IS 5699:1970,Methods for chill testing of cast iron,Metallurgy / Testing,Test Method,BIS,BIS official compendium / programme of work,BIS-source identified; verify current Know Your Standard record before production,Active/Current candidate,IS 5699:1970 | Methods for chill testing of cast iron | Metallurgy / Testing | Test Method,BIS Metallography / Metallurgical Engineering standards material,https://www.services.bis.gov.in/tmp/compendium_2025-06-05-11-59-24.pdf,,,,,,Blank lifecycle/certification fields must be resolved from the current BIS Know Your Standard record before production recommendation.
IS 6416:2022,Method for measuring case-depth of steel,Metallurgy / Testing,Test Method,BIS,BIS official compendium / programme of work,BIS-source identified; verify current Know Your Standard record before production,Active/Current candidate,IS 6416:2022 | Method for measuring case-depth of steel | Metallurgy / Testing | Test Method,BIS Metallography / Metallurgical Engineering standards material,https://www.services.bis.gov.in/tmp/compendium_2025-06-05-11-59-24.pdf,,,,,,Blank lifecycle/certification fields must be resolved from the current BIS Know Your Standard record before production recommendation.
IS 7754 (Part 1):2022,Microstructure of Cast Irons - Part 1 Graphite Classification by Visual Analysis,Metallurgy / Testing,Test Method,BIS,BIS official compendium / programme of work,BIS-source identified; verify current Know Your Standard record before production,Active/Current candidate,IS 7754 (Part 1):2022 | Microstructure of Cast Irons - Part 1 Graphite Classification by Visual Analysis | Metallurgy / Testing | Test Method,BIS Metallography / Metallurgical Engineering standards material,https://www.services.bis.gov.in/tmp/compendium_2025-06-05-11-59-24.pdf,,,,,,Blank lifecycle/certification fields must be resolved from the current BIS Know Your Standard record before production recommendation.
IS 7754 (Part 2):2024,Microstructure of Cast Irons - Part 2 Graphite classification by image analysis,Metallurgy / Testing,Test Method,BIS,BIS official compendium / programme of work,BIS-source identified; verify current Know Your Standard record before production,Active/Current candidate,IS 7754 (Part 2):2024 | Microstructure of Cast Irons - Part 2 Graphite classification by image analysis | Metallurgy / Testing | Test Method,BIS Metallography / Metallurgical Engineering standards material,https://www.services.bis.gov.in/tmp/compendium_2025-06-05-11-59-24.pdf,,,,,,Blank lifecycle/certification fields must be resolved from the current BIS Know Your Standard record before production recommendation.
IS 7754 (Part 3):2024,Microstructure of Cast Iron - Part 3 Matrix Structures,Metallurgy / Testing,Test Method,BIS,BIS official compendium / programme of work,BIS-source identified; verify current Know Your Standard record before production,Active/Current candidate,IS 7754 (Part 3):2024 | Microstructure of Cast Iron - Part 3 Matrix Structures | Metallurgy / Testing | Test Method,BIS Metallography / Metallurgical Engineering standards material,https://www.services.bis.gov.in/tmp/compendium_2025-06-05-11-59-24.pdf,,,,,,Blank lifecycle/certification fields must be resolved from the current BIS Know Your Standard record before production recommendation.
IS 9415:2024,Method for Determination of Hardenability and Grain Size of Tool Steels by Penetration Fracture Test,Metallurgy / Testing,Test Method,BIS,BIS official compendium / programme of work,BIS-source identified; verify current Know Your Standard record before production,Active/Current candidate,IS 9415:2024 | Method for Determination of Hardenability and Grain Size of Tool Steels by Penetration Fracture Test | Metallurgy / Testing | Test Method,BIS Metallography / Metallurgical Engineering standards material,https://www.services.bis.gov.in/tmp/compendium_2025-06-05-11-59-24.pdf,,,,,,Blank lifecycle/certification fields must be resolved from the current BIS Know Your Standard record before production recommendation.
IS 7739 (Part 1):1975,Code of practice for preparation of metallographic specimens - Part 1 General features,Metallurgy / Metallography,Code of Practice,BIS,BIS official compendium / programme of work,BIS-source identified; verify current Know Your Standard record before production,Active/Current candidate,IS 7739 (Part 1):1975 | Code of practice for preparation of metallographic specimens - Part 1 General features | Metallurgy / Metallography | Code of Practice,BIS Metallography / Metallurgical Engineering standards material,https://www.services.bis.gov.in/tmp/compendium_2025-06-05-11-59-24.pdf,,,,,,Blank lifecycle/certification fields must be resolved from the current BIS Know Your Standard record before production recommendation.
IS 7739 (Part 2):1975,Code of practice for preparation of metallographic specimens - Part 2 Electrolytic polishing,Metallurgy / Metallography,Code of Practice,BIS,BIS official compendium / programme of work,BIS-source identified; verify current Know Your Standard record before production,Active/Current candidate,IS 7739 (Part 2):1975 | Code of practice for preparation of metallographic specimens - Part 2 Electrolytic polishing | Metallurgy / Metallography | Code of Practice,BIS Metallography / Metallurgical Engineering standards material,https://www.services.bis.gov.in/tmp/compendium_2025-06-05-11-59-24.pdf,,,,,,Blank lifecycle/certification fields must be resolved from the current BIS Know Your Standard record before production recommendation.
IS 7739 (Part 3):1975,Code of practice for preparation of metallographic specimens - Part 3 Aluminium and its alloys,Metallurgy / Metallography,Code of Practice,BIS,BIS official compendium / programme of work,BIS-source identified; verify current Know Your Standard record before production,Active/Current candidate,IS 7739 (Part 3):1975 | Code of practice for preparation of metallographic specimens - Part 3 Aluminium and its alloys | Metallurgy / Metallography | Code of Practice,BIS Metallography / Metallurgical Engineering standards material,https://www.services.bis.gov.in/tmp/compendium_2025-06-05-11-59-24.pdf,,,,,,Blank lifecycle/certification fields must be resolved from the current BIS Know Your Standard record before production recommendation.
IS 7739 (Part 4):1975,Code of practice for preparation of metallographic specimens - Part 4 Copper and its alloys,Metallurgy / Metallography,Code of Practice,BIS,BIS official compendium / programme of work,BIS-source identified; verify current Know Your Standard record before production,Active/Current candidate,IS 7739 (Part 4):1975 | Code of practice for preparation of metallographic specimens - Part 4 Copper and its alloys | Metallurgy / Metallography | Code of Practice,BIS Metallography / Metallurgical Engineering standards material,https://www.services.bis.gov.in/tmp/compendium_2025-06-05-11-59-24.pdf,,,,,,Blank lifecycle/certification fields must be resolved from the current BIS Know Your Standard record before production recommendation.
IS 7739 (Part 5):1976,Code of practice for preparation of metallographic specimens - Part 5 Iron and steel,Metallurgy / Metallography,Code of Practice,BIS,BIS official compendium / programme of work,BIS-source identified; verify current Know Your Standard record before production,Active/Current candidate,IS 7739 (Part 5):1976 | Code of practice for preparation of metallographic specimens - Part 5 Iron and steel | Metallurgy / Metallography | Code of Practice,BIS Metallography / Metallurgical Engineering standards material,https://www.services.bis.gov.in/tmp/compendium_2025-06-05-11-59-24.pdf,,,,,,Blank lifecycle/certification fields must be resolved from the current BIS Know Your Standard record before production recommendation.
IS 7739 (Part 6):1975,Code of practice for preparation of metallographic specimens - Part 6 Lead and its alloys,Metallurgy / Metallography,Code of Practice,BIS,BIS official compendium / programme of work,BIS-source identified; verify current Know Your Standard record before production,Active/Current candidate,IS 7739 (Part 6):1975 | Code of practice for preparation of metallographic specimens - Part 6 Lead and its alloys | Metallurgy / Metallography | Code of Practice,BIS Metallography / Metallurgical Engineering standards material,https://www.services.bis.gov.in/tmp/compendium_2025-06-05-11-59-24.pdf,,,,,,Blank lifecycle/certification fields must be resolved from the current BIS Know Your Standard record before production recommendation.
IS 7739 (Part 7):1975,Code of practice for preparation of metallographic specimens - Part 7 Magnesium and its alloys,Metallurgy / Metallography,Code of Practice,BIS,BIS official compendium / programme of work,BIS-source identified; verify current Know Your Standard record before production,Active/Current candidate,IS 7739 (Part 7):1975 | Code of practice for preparation of metallographic specimens - Part 7 Magnesium and its alloys | Metallurgy / Metallography | Code of Practice,BIS Metallography / Metallurgical Engineering standards material,https://www.services.bis.gov.in/tmp/compendium_2025-06-05-11-59-24.pdf,,,,,,Blank lifecycle/certification fields must be resolved from the current BIS Know Your Standard record before production recommendation.
IS 7739 (Part 8):1975,Code of practice for preparation of metallographic specimens - Part 8 Nickel and its alloys,Metallurgy / Metallography,Code of Practice,BIS,BIS official compendium / programme of work,BIS-source identified; verify current Know Your Standard record before production,Active/Current candidate,IS 7739 (Part 8):1975 | Code of practice for preparation of metallographic specimens - Part 8 Nickel and its alloys | Metallurgy / Metallography | Code of Practice,BIS Metallography / Metallurgical Engineering standards material,https://www.services.bis.gov.in/tmp/compendium_2025-06-05-11-59-24.pdf,,,,,,Blank lifecycle/certification fields must be resolved from the current BIS Know Your Standard record before production recommendation.
IS 7739 (Part 9):1975,"Code of practice for preparation of metallographic specimens - Part 9 Gold, silver, platinum and palladium",Metallurgy / Metallography,Code of Practice,BIS,BIS official compendium / programme of work,BIS-source identified; verify current Know Your Standard record before production,Active/Current candidate,"IS 7739 (Part 9):1975 | Code of practice for preparation of metallographic specimens - Part 9 Gold, silver, platinum and palladium | Metallurgy / Metallography | Code of Practice",BIS Metallography / Metallurgical Engineering standards material,https://www.services.bis.gov.in/tmp/compendium_2025-06-05-11-59-24.pdf,,,,,,Blank lifecycle/certification fields must be resolved from the current BIS Know Your Standard record before production recommendation.
IS 7739 (Part 10):1975,Code of practice for preparation of metallographic specimens - Part 10 Tin and its alloys,Metallurgy / Metallography,Code of Practice,BIS,BIS official compendium / programme of work,BIS-source identified; verify current Know Your Standard record before production,Active/Current candidate,IS 7739 (Part 10):1975 | Code of practice for preparation of metallographic specimens - Part 10 Tin and its alloys | Metallurgy / Metallography | Code of Practice,BIS Metallography / Metallurgical Engineering standards material,https://www.services.bis.gov.in/tmp/compendium_2025-06-05-11-59-24.pdf,,,,,,Blank lifecycle/certification fields must be resolved from the current BIS Know Your Standard record before production recommendation.
IS 7739 (Part 11):1976,Code of practice for preparation of metallographic specimens - Part 11 Zinc and its alloys,Metallurgy / Metallography,Code of Practice,BIS,BIS official compendium / programme of work,BIS-source identified; verify current Know Your Standard record before production,Active/Current candidate,IS 7739 (Part 11):1976 | Code of practice for preparation of metallographic specimens - Part 11 Zinc and its alloys | Metallurgy / Metallography | Code of Practice,BIS Metallography / Metallurgical Engineering standards material,https://www.services.bis.gov.in/tmp/compendium_2025-06-05-11-59-24.pdf,,,,,,Blank lifecycle/certification fields must be resolved from the current BIS Know Your Standard record before production recommendation.
IS/ISO/TR 10217:1989,Solar Energy - Water Heating Systems - Guide to Material Selection with Regard to Internal Corrosion,Renewable Energy / Solar Thermal,Guide,BIS,BIS official compendium / programme of work,BIS-source identified; verify current Know Your Standard record before production,Active/Current candidate,IS/ISO/TR 10217:1989 | Solar Energy - Water Heating Systems - Guide to Material Selection with Regard to Internal Corrosion | Renewable Energy / Solar Thermal | Guide,BIS Compendium on Renewable Energy Sources / Solar Energy,https://www.services.bis.gov.in/tmp/compendium_2025-06-02-05-20-13.pdf,,,,,,Blank lifecycle/certification fields must be resolved from the current BIS Know Your Standard record before production recommendation.
IS 12976:2023,Solar Water Heating Systems - Code of Practice,Renewable Energy / Solar Thermal,Code of Practice,BIS,BIS official compendium / programme of work,BIS-source identified; verify current Know Your Standard record before production,Active/Current candidate,IS 12976:2023 | Solar Water Heating Systems - Code of Practice | Renewable Energy / Solar Thermal | Code of Practice,BIS Compendium on Renewable Energy Sources / Solar Energy,https://www.services.bis.gov.in/tmp/compendium_2025-06-02-05-20-13.pdf,,,,,,Blank lifecycle/certification fields must be resolved from the current BIS Know Your Standard record before production recommendation.
IS 13129 (Part 1):2023,Solar Heating - Domestic Water Heating Systems Part 1 Performance Rating Procedure Using Indoor Test Methods,Renewable Energy / Solar Thermal,Test Method,BIS,BIS official compendium / programme of work,BIS-source identified; verify current Know Your Standard record before production,Active/Current candidate,IS 13129 (Part 1):2023 | Solar Heating - Domestic Water Heating Systems Part 1 Performance Rating Procedure Using Indoor Test Methods | Renewable Energy / Solar Thermal | Test Method,BIS Compendium on Renewable Energy Sources / Solar Energy,https://www.services.bis.gov.in/tmp/compendium_2025-06-02-05-20-13.pdf,,,,,,Blank lifecycle/certification fields must be resolved from the current BIS Know Your Standard record before production recommendation.
IS 13129 (Part 2):2023,Solar Heating - Domestic Water Heating Systems Part 2 System Performance Characterization and Yearly Performance Prediction,Renewable Energy / Solar Thermal,Test/Performance Standard,BIS,BIS official compendium / programme of work,BIS-source identified; verify current Know Your Standard record before production,Active/Current candidate,IS 13129 (Part 2):2023 | Solar Heating - Domestic Water Heating Systems Part 2 System Performance Characterization and Yearly Performance Prediction | Renewable Energy / Solar Thermal | Test/Performance Standard,BIS Compendium on Renewable Energy Sources / Solar Energy,https://www.services.bis.gov.in/tmp/compendium_2025-06-02-05-20-13.pdf,,,,,,Blank lifecycle/certification fields must be resolved from the current BIS Know Your Standard record before production recommendation.
IS 13129 (Part 3):2024,Solar Heating - Domestic Water Heating Systems Part 3 System Component Characterization and Prediction,Renewable Energy / Solar Thermal,Test/Performance Standard,BIS,BIS official compendium / programme of work,BIS-source identified; verify current Know Your Standard record before production,Active/Current candidate,IS 13129 (Part 3):2024 | Solar Heating - Domestic Water Heating Systems Part 3 System Component Characterization and Prediction | Renewable Energy / Solar Thermal | Test/Performance Standard,BIS Compendium on Renewable Energy Sources / Solar Energy,https://www.services.bis.gov.in/tmp/compendium_2025-06-02-05-20-13.pdf,,,,,,Blank lifecycle/certification fields must be resolved from the current BIS Know Your Standard record before production recommendation.
IS 13129 (Part 4):2023,Solar Heating - Domestic Water Heating Systems Part 4 Determination of Durability and Reliability,Renewable Energy / Solar Thermal,Test Method,BIS,BIS official compendium / programme of work,BIS-source identified; verify current Know Your Standard record before production,Active/Current candidate,IS 13129 (Part 4):2023 | Solar Heating - Domestic Water Heating Systems Part 4 Determination of Durability and Reliability | Renewable Energy / Solar Thermal | Test Method,BIS Compendium on Renewable Energy Sources / Solar Energy,https://www.services.bis.gov.in/tmp/compendium_2025-06-02-05-20-13.pdf,,,,,,Blank lifecycle/certification fields must be resolved from the current BIS Know Your Standard record before production recommendation.
IS 16368:2015,Test Procedure for Thermosyphon Type Domestic Solar Hot Water Heating Systems,Renewable Energy / Solar Thermal,Test Method,BIS,BIS official compendium / programme of work,BIS-source identified; verify current Know Your Standard record before production,Active/Current candidate,IS 16368:2015 | Test Procedure for Thermosyphon Type Domestic Solar Hot Water Heating Systems | Renewable Energy / Solar Thermal | Test Method,BIS Compendium on Renewable Energy Sources / Solar Energy,https://www.services.bis.gov.in/tmp/compendium_2025-06-02-05-20-13.pdf,,,,,,Blank lifecycle/certification fields must be resolved from the current BIS Know Your Standard record before production recommendation.
IS 16544:2016,All Glass Evacuated Tubes Solar Water Heating System,Renewable Energy / Solar Thermal,Product Standard,BIS,BIS official compendium / programme of work,BIS-source identified; verify current Know Your Standard record before production,Active/Current candidate,IS 16544:2016 | All Glass Evacuated Tubes Solar Water Heating System | Renewable Energy / Solar Thermal | Product Standard,BIS Compendium on Renewable Energy Sources / Solar Energy,https://www.services.bis.gov.in/tmp/compendium_2025-06-02-05-20-13.pdf,,,,,,Blank lifecycle/certification fields must be resolved from the current BIS Know Your Standard record before production recommendation.
IS 15490,Stainless Steel Cylinder,Automotive / LPG/CNG Components,Product Standard,BIS,BIS official compendium / programme of work,BIS-source identified; verify current Know Your Standard record before production,Active/Current candidate,IS 15490 | Stainless Steel Cylinder | Automotive / LPG/CNG Components | Product Standard,BIS official standards catalogue / programme of work / capsule-course material,https://standards.bis.gov.in/,,,,,,Blank lifecycle/certification fields must be resolved from the current BIS Know Your Standard record before production recommendation.
IS 15935,Composite Cylinder,Automotive / LPG/CNG Components,Product Standard,BIS,BIS official compendium / programme of work,BIS-source identified; verify current Know Your Standard record before production,Active/Current candidate,IS 15935 | Composite Cylinder | Automotive / LPG/CNG Components | Product Standard,BIS official standards catalogue / programme of work / capsule-course material,https://standards.bis.gov.in/,,,,,,Blank lifecycle/certification fields must be resolved from the current BIS Know Your Standard record before production recommendation.
IS 16988,Cylinder Valve,Automotive / LPG/CNG Components,Product Standard,BIS,BIS official compendium / programme of work,BIS-source identified; verify current Know Your Standard record before production,Active/Current candidate,IS 16988 | Cylinder Valve | Automotive / LPG/CNG Components | Product Standard,BIS official standards catalogue / programme of work / capsule-course material,https://standards.bis.gov.in/,,,,,,Blank lifecycle/certification fields must be resolved from the current BIS Know Your Standard record before production recommendation.
IS 15712,Automatic Valve (Solenoid Valve),Automotive / LPG/CNG Components,Product Standard,BIS,BIS official compendium / programme of work,BIS-source identified; verify current Know Your Standard record before production,Active/Current candidate,IS 15712 | Automatic Valve (Solenoid Valve) | Automotive / LPG/CNG Components | Product Standard,BIS official standards catalogue / programme of work / capsule-course material,https://standards.bis.gov.in/,,,,,,Blank lifecycle/certification fields must be resolved from the current BIS Know Your Standard record before production recommendation.
IS 15713,Pressure Regulator,Automotive / LPG/CNG Components,Product Standard,BIS,BIS official compendium / programme of work,BIS-source identified; verify current Know Your Standard record before production,Active/Current candidate,IS 15713 | Pressure Regulator | Automotive / LPG/CNG Components | Product Standard,BIS official standards catalogue / programme of work / capsule-course material,https://standards.bis.gov.in/,,,,,,Blank lifecycle/certification fields must be resolved from the current BIS Know Your Standard record before production recommendation.
IS 15714,Gas/Air Mixer,Automotive / LPG/CNG Components,Product Standard,BIS,BIS official compendium / programme of work,BIS-source identified; verify current Know Your Standard record before production,Active/Current candidate,IS 15714 | Gas/Air Mixer | Automotive / LPG/CNG Components | Product Standard,BIS official standards catalogue / programme of work / capsule-course material,https://standards.bis.gov.in/,,,,,,Blank lifecycle/certification fields must be resolved from the current BIS Know Your Standard record before production recommendation.
IS 15715,Ventilation Hose/Pipe,Automotive / LPG/CNG Components,Product Standard,BIS,BIS official compendium / programme of work,BIS-source identified; verify current Know Your Standard record before production,Active/Current candidate,IS 15715 | Ventilation Hose/Pipe | Automotive / LPG/CNG Components | Product Standard,BIS official standards catalogue / programme of work / capsule-course material,https://standards.bis.gov.in/,,,,,,Blank lifecycle/certification fields must be resolved from the current BIS Know Your Standard record before production recommendation.
IS 15716,High Pressure Fuel Line (Rigid),Automotive / LPG/CNG Components,Product Standard,BIS,BIS official compendium / programme of work,BIS-source identified; verify current Know Your Standard record before production,Active/Current candidate,IS 15716 | High Pressure Fuel Line (Rigid) | Automotive / LPG/CNG Components | Product Standard,BIS official standards catalogue / programme of work / capsule-course material,https://standards.bis.gov.in/,,,,,,Blank lifecycle/certification fields must be resolved from the current BIS Know Your Standard record before production recommendation.
IS 15717,Petrol Valve (Auto/Manual),Automotive / LPG/CNG Components,Product Standard,BIS,BIS official compendium / programme of work,BIS-source identified; verify current Know Your Standard record before production,Active/Current candidate,IS 15717 | Petrol Valve (Auto/Manual) | Automotive / LPG/CNG Components | Product Standard,BIS official standards catalogue / programme of work / capsule-course material,https://standards.bis.gov.in/,,,,,,Blank lifecycle/certification fields must be resolved from the current BIS Know Your Standard record before production recommendation.
IS 15718,High Pressure Fuel Line (Flexible Hose),Automotive / LPG/CNG Components,Product Standard,BIS,BIS official compendium / programme of work,BIS-source identified; verify current Know Your Standard record before production,Active/Current candidate,IS 15718 | High Pressure Fuel Line (Flexible Hose) | Automotive / LPG/CNG Components | Product Standard,BIS official standards catalogue / programme of work / capsule-course material,https://standards.bis.gov.in/,,,,,,Blank lifecycle/certification fields must be resolved from the current BIS Know Your Standard record before production recommendation.
IS 15719,Electrical Wiring Kit,Automotive / LPG/CNG Components,Product Standard,BIS,BIS official compendium / programme of work,BIS-source identified; verify current Know Your Standard record before production,Active/Current candidate,IS 15719 | Electrical Wiring Kit | Automotive / LPG/CNG Components | Product Standard,BIS official standards catalogue / programme of work / capsule-course material,https://standards.bis.gov.in/,,,,,,Blank lifecycle/certification fields must be resolved from the current BIS Know Your Standard record before production recommendation.
IS 302 (Part 2/Sec 12):1993,Safety of household and similar electrical appliances - Part 2 Particular requirements: Section 12 Warming plates and similar appliances,Electrical Appliances,Safety Standard,BIS,BIS official standard detail / BIS programme-of-work cross-reference,BIS-source identified; verify exact current record/version before production,Active/Current candidate,IS 302 (Part 2/Sec 12):1993 | Safety of household and similar electrical appliances - Part 2 Particular requirements: Section 12 Warming plates and similar appliances | Electrical Appliances | Safety Standard,BIS official standards catalogue / programme of work / capsule-course material,https://standards.bis.gov.in/,,,,,,Blank lifecycle/certification fields must be resolved from the current BIS Know Your Standard record before production recommendation.
IS 302 (Part 2/Sec 32):1994,Safety of household and similar electrical appliances - Part 2 Particular requirements: Section 32 Massage appliances,Electrical Appliances,Safety Standard,BIS,BIS official standard detail / BIS programme-of-work cross-reference,BIS-source identified; verify exact current record/version before production,Active/Current candidate,IS 302 (Part 2/Sec 32):1994 | Safety of household and similar electrical appliances - Part 2 Particular requirements: Section 32 Massage appliances | Electrical Appliances | Safety Standard,BIS official standards catalogue / programme of work / capsule-course material,https://standards.bis.gov.in/,,,,,,Blank lifecycle/certification fields must be resolved from the current BIS Know Your Standard record before production recommendation.
IS 302 (Part 2/Sec 45):1994,Safety of household and similar electrical appliances - Part 2 Particular requirements: Section 45 Electric heating tools,Electrical Appliances,Safety Standard,BIS,BIS official standard detail / BIS programme-of-work cross-reference,BIS-source identified; verify exact current record/version before production,Active/Current candidate,IS 302 (Part 2/Sec 45):1994 | Safety of household and similar electrical appliances - Part 2 Particular requirements: Section 45 Electric heating tools | Electrical Appliances | Safety Standard,BIS official standards catalogue / programme of work / capsule-course material,https://standards.bis.gov.in/,,,,,,Blank lifecycle/certification fields must be resolved from the current BIS Know Your Standard record before production recommendation.
IS 302 (Part 2/Sec 209):1994,Safety of household and similar electrical appliances - Part 2 Particular requirements: Section 209 Low speed food grinding machines,Electrical Appliances,Safety Standard,BIS,BIS official standard detail / BIS programme-of-work cross-reference,BIS-source identified; verify exact current record/version before production,Active/Current candidate,IS 302 (Part 2/Sec 209):1994 | Safety of household and similar electrical appliances - Part 2 Particular requirements: Section 209 Low speed food grinding machines | Electrical Appliances | Safety Standard,BIS official standards catalogue / programme of work / capsule-course material,https://standards.bis.gov.in/,,,,,,Blank lifecycle/certification fields must be resolved from the current BIS Know Your Standard record before production recommendation.
IS/IEC 60730 (Part 1):1999,Automatic electrical controls for household and similar use - Part 1 General requirements,Electrical Controls,Safety Standard,BIS,BIS official standard detail / BIS programme-of-work cross-reference,BIS-source identified; verify exact current record/version before production,Active/Current candidate,IS/IEC 60730 (Part 1):1999 | Automatic electrical controls for household and similar use - Part 1 General requirements | Electrical Controls | Safety Standard,BIS official standards catalogue / programme of work / capsule-course material,https://standards.bis.gov.in/,,,,,,Blank lifecycle/certification fields must be resolved from the current BIS Know Your Standard record before production recommendation.
IS 16636:2017,Automatic power factor correction panels for voltage rating up to and including 1000 V,Electrical / Panels,Product Specification,BIS,BIS official standard detail / BIS programme-of-work cross-reference,BIS-source identified; verify exact current record/version before production,Active/Current candidate,IS 16636:2017 | Automatic power factor correction panels for voltage rating up to and including 1000 V | Electrical / Panels | Product Specification,BIS official standards catalogue / programme of work / capsule-course material,https://standards.bis.gov.in/,,,,,,Blank lifecycle/certification fields must be resolved from the current BIS Know Your Standard record before production recommendation.
IS 17120:2019,In-cable control and protection device for mode 2 charging of electric road vehicles,Electric Vehicles / Charging,Product Standard,BIS,BIS official standard detail / BIS programme-of-work cross-reference,BIS-source identified; verify exact current record/version before production,Active/Current candidate,IS 17120:2019 | In-cable control and protection device for mode 2 charging of electric road vehicles | Electric Vehicles / Charging | Product Standard,BIS official standards catalogue / programme of work / capsule-course material,https://standards.bis.gov.in/,,,,,,Blank lifecycle/certification fields must be resolved from the current BIS Know Your Standard record before production recommendation.
IS 17550 (Part 1):2024,Household refrigerating appliances - Characteristics and test methods - Part 1 General requirements,Domestic Appliances / Refrigeration,Test/Technical Standard,BIS,BIS official standard detail / BIS programme-of-work cross-reference,BIS-source identified; verify exact current record/version before production,Active/Current candidate,IS 17550 (Part 1):2024 | Household refrigerating appliances - Characteristics and test methods - Part 1 General requirements | Domestic Appliances / Refrigeration | Test/Technical Standard,BIS official standards catalogue / programme of work / capsule-course material,https://standards.bis.gov.in/,,,,,,Blank lifecycle/certification fields must be resolved from the current BIS Know Your Standard record before production recommendation.
IS 15787:2025,Switched Socket-Outlets without Interlock for Fixed Installations - Particular Requirements,Electrical / Switchgear,Product Specification,BIS,BIS official standard detail / BIS programme-of-work cross-reference,BIS-source identified; verify exact current record/version before production,Active/Current candidate,IS 15787:2025 | Switched Socket-Outlets without Interlock for Fixed Installations - Particular Requirements | Electrical / Switchgear | Product Specification,BIS official standards catalogue / programme of work / capsule-course material,https://standards.bis.gov.in/,,,,,,Blank lifecycle/certification fields must be resolved from the current BIS Know Your Standard record before production recommendation.
IS/IEC 62368 (Part 1):2023,Audio Video Information and Communication Technology Equipment - Part 1 Safety Requirements,Electronics / ICT,Safety Standard,BIS,BIS official standard detail / BIS programme-of-work cross-reference,BIS-source identified; verify exact current record/version before production,Active/Current candidate,IS/IEC 62368 (Part 1):2023 | Audio Video Information and Communication Technology Equipment - Part 1 Safety Requirements | Electronics / ICT | Safety Standard,BIS official standards catalogue / programme of work / capsule-course material,https://standards.bis.gov.in/,,,,,,Blank lifecycle/certification fields must be resolved from the current BIS Know Your Standard record before production recommendation.
IS/IEC 62807 (Part 3):2023,Hybrid Communication Cables - Part 3 Outdoor Hybrid Cables,Telecom / Cables,Product Standard,BIS,BIS official standard detail / BIS programme-of-work cross-reference,BIS-source identified; verify exact current record/version before production,Active/Current candidate,IS/IEC 62807 (Part 3):2023 | Hybrid Communication Cables - Part 3 Outdoor Hybrid Cables | Telecom / Cables | Product Standard,BIS official standards catalogue / programme of work / capsule-course material,https://standards.bis.gov.in/,,,,,,Blank lifecycle/certification fields must be resolved from the current BIS Know Your Standard record before production recommendation.
IS/IEC 62807 (Part 3/Sec 10):2023,Hybrid communication cables - Part 3-10 Outdoor hybrid cables - Family specification for FTTA hybrid communication cables,Telecom / Cables,Product Specification,BIS,BIS official standard detail / BIS programme-of-work cross-reference,BIS-source identified; verify exact current record/version before production,Active/Current candidate,IS/IEC 62807 (Part 3/Sec 10):2023 | Hybrid communication cables - Part 3-10 Outdoor hybrid cables - Family specification for FTTA hybrid communication cables | Telecom / Cables | Product Specification,BIS official standards catalogue / programme of work / capsule-course material,https://standards.bis.gov.in/,,,,,,Blank lifecycle/certification fields must be resolved from the current BIS Know Your Standard record before production recommendation.
IS/IEC 61683:1999,Photovoltaic systems - Power conditioners - Procedure for measuring efficiency,Renewable Energy / Solar PV,Test Method,BIS,BIS official standard detail / BIS programme-of-work cross-reference,BIS-source identified; verify exact current record/version before production,Active/Current candidate,IS/IEC 61683:1999 | Photovoltaic systems - Power conditioners - Procedure for measuring efficiency | Renewable Energy / Solar PV | Test Method,BIS Compendium on Renewable Energy Sources / Solar Energy,https://www.services.bis.gov.in/tmp/compendium_2025-06-02-05-20-13.pdf,,,,,,Blank lifecycle/certification fields must be resolved from the current BIS Know Your Standard record before production recommendation.
IS/IEC 61701:2011,Salt mist corrosion testing of photovoltaic (PV) modules,Renewable Energy / Solar PV,Test Method,BIS,BIS official standard detail / BIS programme-of-work cross-reference,BIS-source identified; verify exact current record/version before production,Active/Current candidate,IS/IEC 61701:2011 | Salt mist corrosion testing of photovoltaic (PV) modules | Renewable Energy / Solar PV | Test Method,BIS Compendium on Renewable Energy Sources / Solar Energy,https://www.services.bis.gov.in/tmp/compendium_2025-06-02-05-20-13.pdf,,,,,,Blank lifecycle/certification fields must be resolved from the current BIS Know Your Standard record before production recommendation.
IS/IEC 61730 (Part 1):2016,Photovoltaic (PV) Module Safety Qualification - Part 1 Requirements for Construction,Renewable Energy / Solar PV,Safety Standard,BIS,BIS official standard detail / BIS programme-of-work cross-reference,BIS-source identified; verify exact current record/version before production,Active/Current candidate,IS/IEC 61730 (Part 1):2016 | Photovoltaic (PV) Module Safety Qualification - Part 1 Requirements for Construction | Renewable Energy / Solar PV | Safety Standard,BIS Compendium on Renewable Energy Sources / Solar Energy,https://www.services.bis.gov.in/tmp/compendium_2025-06-02-05-20-13.pdf,,,,,,Blank lifecycle/certification fields must be resolved from the current BIS Know Your Standard record before production recommendation.
IS/IEC 61730 (Part 2):2016,Photovoltaic (PV) module safety qualification - Part 2 Requirements for testing,Renewable Energy / Solar PV,Test Method,BIS,BIS official standard detail / BIS programme-of-work cross-reference,BIS-source identified; verify exact current record/version before production,Active/Current candidate,IS/IEC 61730 (Part 2):2016 | Photovoltaic (PV) module safety qualification - Part 2 Requirements for testing | Renewable Energy / Solar PV | Test Method,BIS Compendium on Renewable Energy Sources / Solar Energy,https://www.services.bis.gov.in/tmp/compendium_2025-06-02-05-20-13.pdf,,,,,,Blank lifecycle/certification fields must be resolved from the current BIS Know Your Standard record before production recommendation.
IS 17210 (Part 1):2019,Photovoltaic (PV) Modules - Test Methods for the Detection of Potential-Induced Degradation Part 1 Crystalline Silicon,Renewable Energy / Solar PV,Test Method,BIS,BIS official standard detail / BIS programme-of-work cross-reference,BIS-source identified; verify exact current record/version before production,Active/Current candidate,IS 17210 (Part 1):2019 | Photovoltaic (PV) Modules - Test Methods for the Detection of Potential-Induced Degradation Part 1 Crystalline Silicon | Renewable Energy / Solar PV | Test Method,BIS Compendium on Renewable Energy Sources / Solar Energy,https://www.services.bis.gov.in/tmp/compendium_2025-06-02-05-20-13.pdf,,,,,,Blank lifecycle/certification fields must be resolved from the current BIS Know Your Standard record before production recommendation.
IS 14286:2010,Crystalline silicon terrestrial photovoltaic (PV) modules - Design qualification and type approval,Renewable Energy / Solar PV,Product/Test Standard,BIS,BIS official standard detail / BIS programme-of-work cross-reference,BIS-source identified; verify exact current record/version before production,Active/Current candidate,IS 14286:2010 | Crystalline silicon terrestrial photovoltaic (PV) modules - Design qualification and type approval | Renewable Energy / Solar PV | Product/Test Standard,BIS Compendium on Renewable Energy Sources / Solar Energy,https://www.services.bis.gov.in/tmp/compendium_2025-06-02-05-20-13.pdf,,,,,,Blank lifecycle/certification fields must be resolved from the current BIS Know Your Standard record before production recommendation.
IS 12762:2020,Photovoltaic Devices - Part 3 Measurement Principles for Terrestrial Photovoltaic Solar Devices with Reference Spectral Irradiance Data,Renewable Energy / Solar PV,Test Method,BIS,BIS official standard detail / BIS programme-of-work cross-reference,BIS-source identified; verify exact current record/version before production,Active/Current candidate,IS 12762:2020 | Photovoltaic Devices - Part 3 Measurement Principles for Terrestrial Photovoltaic Solar Devices with Reference Spectral Irradiance Data | Renewable Energy / Solar PV | Test Method,BIS Compendium on Renewable Energy Sources / Solar Energy,https://www.services.bis.gov.in/tmp/compendium_2025-06-02-05-20-13.pdf,,,,,,Blank lifecycle/certification fields must be resolved from the current BIS Know Your Standard record before production recommendation.
IS 14733,Photovoltaic PV arrays - Design requirements,Renewable Energy / Solar PV,Design Standard,BIS,BIS official standard detail / BIS programme-of-work cross-reference,BIS-source identified; verify exact current record/version before production,Active/Current candidate,IS 14733 | Photovoltaic PV arrays - Design requirements | Renewable Energy / Solar PV | Design Standard,BIS Compendium on Renewable Energy Sources / Solar Energy,https://www.services.bis.gov.in/tmp/compendium_2025-06-02-05-20-13.pdf,,,,,,Blank lifecycle/certification fields must be resolved from the current BIS Know Your Standard record before production recommendation.
IS 14742,Photovoltaic cells - Part 1 Measurement of light-induced degradation of crystalline silicon photovoltaic cells,Renewable Energy / Solar PV,Test Method,BIS,BIS official standard detail / BIS programme-of-work cross-reference,BIS-source identified; verify exact current record/version before production,Active/Current candidate,IS 14742 | Photovoltaic cells - Part 1 Measurement of light-induced degradation of crystalline silicon photovoltaic cells | Renewable Energy / Solar PV | Test Method,BIS Compendium on Renewable Energy Sources / Solar Energy,https://www.services.bis.gov.in/tmp/compendium_2025-06-02-05-20-13.pdf,,,,,,Blank lifecycle/certification fields must be resolved from the current BIS Know Your Standard record before production recommendation.
IS 14747,Terrestrial photovoltaic PV systems - Guidelines for effective quality assurance in PV systems installation operation and maintenance,Renewable Energy / Solar PV,Guideline,BIS,BIS official standard detail / BIS programme-of-work cross-reference,BIS-source identified; verify exact current record/version before production,Active/Current candidate,IS 14747 | Terrestrial photovoltaic PV systems - Guidelines for effective quality assurance in PV systems installation operation and maintenance | Renewable Energy / Solar PV | Guideline,BIS Compendium on Renewable Energy Sources / Solar Energy,https://www.services.bis.gov.in/tmp/compendium_2025-06-02-05-20-13.pdf,,,,,,Blank lifecycle/certification fields must be resolved from the current BIS Know Your Standard record before production recommendation.
IS 14749,Photovoltaic PV modules through the life cycle - Environmental health and safety risk assessment - General principles and nomenclature,Renewable Energy / Solar PV,Guideline,BIS,BIS official standard detail / BIS programme-of-work cross-reference,BIS-source identified; verify exact current record/version before production,Active/Current candidate,IS 14749 | Photovoltaic PV modules through the life cycle - Environmental health and safety risk assessment - General principles and nomenclature | Renewable Energy / Solar PV | Guideline,BIS Compendium on Renewable Energy Sources / Solar Energy,https://www.services.bis.gov.in/tmp/compendium_2025-06-02-05-20-13.pdf,,,,,,Blank lifecycle/certification fields must be resolved from the current BIS Know Your Standard record before production recommendation.
IS 14750,Primary optics for concentrator photovoltaic systems,Renewable Energy / Solar PV,Product/Design Standard,BIS,BIS official standard detail / BIS programme-of-work cross-reference,BIS-source identified; verify exact current record/version before production,Active/Current candidate,IS 14750 | Primary optics for concentrator photovoltaic systems | Renewable Energy / Solar PV | Product/Design Standard,BIS Compendium on Renewable Energy Sources / Solar Energy,https://www.services.bis.gov.in/tmp/compendium_2025-06-02-05-20-13.pdf,,,,,,Blank lifecycle/certification fields must be resolved from the current BIS Know Your Standard record before production recommendation.
IS 14751,Concentrator photovoltaic CPV modules - Thermal cycling test to differentiate increased thermal fatigue durability,Renewable Energy / Solar PV,Test Method,BIS,BIS official standard detail / BIS programme-of-work cross-reference,BIS-source identified; verify exact current record/version before production,Active/Current candidate,IS 14751 | Concentrator photovoltaic CPV modules - Thermal cycling test to differentiate increased thermal fatigue durability | Renewable Energy / Solar PV | Test Method,BIS Compendium on Renewable Energy Sources / Solar Energy,https://www.services.bis.gov.in/tmp/compendium_2025-06-02-05-20-13.pdf,,,,,,Blank lifecycle/certification fields must be resolved from the current BIS Know Your Standard record before production recommendation.
IS 14757,Photovoltaic PV modules - Type approval design and safety qualification - Retesting,Renewable Energy / Solar PV,Test Method,BIS,BIS official standard detail / BIS programme-of-work cross-reference,BIS-source identified; verify exact current record/version before production,Active/Current candidate,IS 14757 | Photovoltaic PV modules - Type approval design and safety qualification - Retesting | Renewable Energy / Solar PV | Test Method,BIS Compendium on Renewable Energy Sources / Solar Energy,https://www.services.bis.gov.in/tmp/compendium_2025-06-02-05-20-13.pdf,,,,,,Blank lifecycle/certification fields must be resolved from the current BIS Know Your Standard record before production recommendation.
IS 14758,Photovoltaic concentrator cell documentation,Renewable Energy / Solar PV,Technical Standard,BIS,BIS official standard detail / BIS programme-of-work cross-reference,BIS-source identified; verify exact current record/version before production,Active/Current candidate,IS 14758 | Photovoltaic concentrator cell documentation | Renewable Energy / Solar PV | Technical Standard,BIS Compendium on Renewable Energy Sources / Solar Energy,https://www.services.bis.gov.in/tmp/compendium_2025-06-02-05-20-13.pdf,,,,,,Blank lifecycle/certification fields must be resolved from the current BIS Know Your Standard record before production recommendation.
IS 14760,Measurement procedures for materials used in photovoltaic modules - Part 2 Polymeric materials - Frontsheets and backsheets,Renewable Energy / Solar PV,Test Method,BIS,BIS official standard detail / BIS programme-of-work cross-reference,BIS-source identified; verify exact current record/version before production,Active/Current candidate,IS 14760 | Measurement procedures for materials used in photovoltaic modules - Part 2 Polymeric materials - Frontsheets and backsheets | Renewable Energy / Solar PV | Test Method,BIS Compendium on Renewable Energy Sources / Solar Energy,https://www.services.bis.gov.in/tmp/compendium_2025-06-02-05-20-13.pdf,,,,,,Blank lifecycle/certification fields must be resolved from the current BIS Know Your Standard record before production recommendation.
IS 14729,Photovoltaic devices - Part 1-2 Measurement of current-voltage characteristics of bifacial photovoltaic devices,Renewable Energy / Solar PV,Test Method,BIS,BIS programme-of-work cross-reference,BIS-source identified; verify exact current record/version before production,Active/Current candidate,IS 14729 | Photovoltaic devices - Part 1-2 Measurement of current-voltage characteristics of bifacial photovoltaic devices | Renewable Energy / Solar PV | Test Method,BIS Compendium on Renewable Energy Sources / Solar Energy,https://www.services.bis.gov.in/tmp/compendium_2025-06-02-05-20-13.pdf,,,,,,Blank lifecycle/certification fields must be resolved from the current BIS Know Your Standard record before production recommendation.
IS 14732,Photovoltaic PV systems - Characteristics of the utility interface,Renewable Energy / Solar PV,Technical Standard,BIS,BIS programme-of-work cross-reference,BIS-source identified; verify exact current record/version before production,Active/Current candidate,IS 14732 | Photovoltaic PV systems - Characteristics of the utility interface | Renewable Energy / Solar PV | Technical Standard,BIS Compendium on Renewable Energy Sources / Solar Energy,https://www.services.bis.gov.in/tmp/compendium_2025-06-02-05-20-13.pdf,,,,,,Blank lifecycle/certification fields must be resolved from the current BIS Know Your Standard record before production recommendation.
IS 12269:2013,Ordinary Portland Cement 53 Grade - Specification,Civil Engineering / Cement,Product Specification,BIS,BIS official source,BIS-source verified,Historical/Referenced Version,IS 12269:2013 | Ordinary Portland Cement 53 Grade - Specification | Civil Engineering / Cement | Product Specification,BIS official certification document,https://www.bis.gov.in/qazwsx/cmd/GS-STI_12269_27082014.pdf,,1.0,Mandatory Certification,IS 12269:1987,,Referenced historical version; current-version resolution to be handled separately.
IS 3812 (Part 1):2013,"Pulverized fuel ash - Specification: Part 1 For use as pozzolana in cement, cement mortar and concrete",Civil Engineering / Cement,Product Specification,BIS,BIS official source,BIS-source verified,Active/Referenced,IS 3812 (Part 1):2013 | Pulverized fuel ash - Specification | Civil Engineering / Cement | Product Specification,BIS LIMS / BIS cement standards,https://lims.bis.gov.in/home/search_is_number/?is_number__doc_no=3812,,,,,,Verify current lifecycle metadata from BIS Know Your Standard.
IS 12089:1987,Specification for granulated slag for the manufacture of Portland slag cement,Civil Engineering / Cement,Product Specification,BIS,BIS official source,BIS-source verified,Referenced,IS 12089:1987 | Granulated slag for manufacture of Portland slag cement | Civil Engineering / Cement | Product Specification,BIS LIMS,https://lims.bis.gov.in/home/search_is_number/?is_number__doc_no=12089,,,,,,Verify current lifecycle metadata from BIS Know Your Standard.
IS 15388:2003,Silica Fume - Specification,Civil Engineering / Cement,Product Specification,BIS,BIS official standard,BIS-source verified,Active/Referenced,IS 15388:2003 | Silica Fume - Specification | Civil Engineering / Cement | Product Specification,BIS Standard Details,https://standards.bis.gov.in/website/standard-details,2022.0,1.0,Voluntary Certification,,,Verify current lifecycle metadata from BIS Know Your Standard.
IS 1760 (Part 3):1992,"Chemical Analysis of Limestone, Dolomite and Allied Materials - Part 3 Determination of Iron Oxide, Alumina, Calcium Oxide and Magnesia",Civil Engineering / Cement,Test Method,BIS,BIS official source,BIS-source verified,Historical/Referenced Version,"IS 1760 (Part 3):1992 | Chemical Analysis of Limestone, Dolomite and Allied Materials | Test Method",BIS standard / revision bulletin,https://www.services.bis.gov.in/tmp/weekly_bulletin_2_575.pdf,,,,,IS 1760 (Part 3):2025,Historical version cited by another standard; preserve for version intelligence.
IS 1727:1967,Methods of Test for Pozzolanic Materials,Civil Engineering / Cement,Test Method,BIS,BIS official standard,BIS-source verified,Referenced,IS 1727:1967 | Methods of Test for Pozzolanic Materials | Civil Engineering / Cement | Test Method,BIS standard preview,https://www.services.bis.gov.in/tmp/SR1727.pdf,,,,,,Verify current lifecycle metadata from BIS Know Your Standard.
IS 17410:2020,Medical Textiles - Bio-Protective Coverall - Specification,Textiles / Medical Textiles,Product Specification,BIS,BIS official source,BIS-source identified,Referenced,IS 17410:2020 | Medical Textiles - Bio-Protective Coverall - Specification | Medical Textiles | Product Specification,BIS official standards programme,https://www.services.bis.gov.in/php/BIS_2.0/bisconnect/pow_new/Pow/download_pow_pdf_dept_commtt/71/134/,,,,,,Verify current lifecycle metadata from BIS Know Your Standard.
IS 228 (Part 1):1987,Methods for Chemical Analysis of Steels - Part 1 Determination of Carbon by Volumetric Method,Metallurgical Engineering / Steel,Test Method,BIS,BIS official source,BIS-source identified,Referenced,IS 228 (Part 1):1987 | Methods for Chemical Analysis of Steels | Metallurgical Engineering | Test Method,BIS Standard Details,https://services.bis.gov.in/php/BIS_2.0/bisconnect/standard_review/Standard_review/Isdetails,,,,,,Verify current lifecycle metadata from BIS Know Your Standard.
IS 6885 (Part 1):2020,Metallic Materials - Knoop Hardness Test Part 1 Test Method,Metallurgical Engineering / Testing,Test Method,BIS,BIS official source,BIS-source verified,Active/Referenced,IS 6885 (Part 1):2020 | Metallic Materials - Knoop Hardness Test Part 1 Test Method | Metallurgical Engineering | Test Method,BIS Weekly Bulletin / BIS Standard Details,https://www.services.bis.gov.in/tmp/weekly_bulletin_3_76.pdf,,,,,,Verify current lifecycle metadata from BIS Know Your Standard.
IS 16354:2015,"Metakaolin for use in cement, cement mortar and concrete - Specification",Civil Engineering / Cement,Product Specification,BIS,BIS official source,BIS-source verified,Referenced,"IS 16354:2015 | Metakaolin for use in cement, cement mortar and concrete - Specification | Civil Engineering / Cement | Product Specification",BIS Civil Engineering standards material,https://www.services.bis.gov.in/php/BIS_2.0/bisconnect/pow_new/Pow/download_pow_pdf_dept_commtt/63/190/,,,,,,Verify current lifecycle metadata from BIS Know Your Standard.
IS 1344:1981,Specification for Calcined Clay Pozzolana,Civil Engineering / Cement,Product Specification,BIS,BIS official source,BIS-source verified,Referenced,IS 1344:1981 | Specification for Calcined Clay Pozzolana | Civil Engineering / Cement | Product Specification,BIS Civil Engineering standards material,https://www.services.bis.gov.in/tmp/WCCED21426776_10022025_1.pdf,,,,,,Verify current lifecycle metadata from BIS Know Your Standard.
IS 16714:2018,"Ground Granulated Blast Furnace Slag for Use in Cement, Mortar and Concrete - Specification",Civil Engineering / Cement,Product Specification,BIS,BIS official source,BIS-source verified,Referenced,"IS 16714:2018 | Ground Granulated Blast Furnace Slag for Use in Cement, Mortar and Concrete - Specification | Civil Engineering / Cement | Product Specification",BIS LIMS / BIS official source,https://lims.bis.gov.in/home/search_is_number/?is_number__doc_no=16714,,,,,,Verify current lifecycle metadata from BIS Know Your Standard.
IS 9550:2024,Bright Steel Bars - Specification,Metallurgical Engineering / Steel,Product Specification,BIS,BIS official standard record,BIS-source verified,Active/Current,IS 9550:2024 | Bright Steel Bars - Specification | Metallurgical Engineering / Steel | Product Specification,BIS Standard Details,https://services.bis.gov.in/php/BIS_2.0/bisconnect/standard_review/Standard_review/Isdetails?ID=MzIwMTc%3D,,0.0,,IS 9550:2001,,Current BIS revision; verify latest amendment and certification metadata before production recommendation.
IS 269:2013,"Ordinary Portland Cement, 33 Grade",Civil Engineering / Cement and Concrete,Product Specification,BIS,BIS official standard record,BIS-source verified,Historical Version / Referenced,"IS 269:2013 | Ordinary Portland Cement, 33 Grade | Civil Engineering / Cement and Concrete | Product Specification",BIS Standard Details,https://standards.bis.gov.in/,,0.0,,,IS 269:2015,Historical version explicitly referenced by IS 456:2000; preserve exact version for relationship and version-intelligence processing.
